ID	Name	Complex	Importance (dark green => main gods, light green => second rank gods, orange => minor gods	Illustration (Yes, WIP - iconography found but need to be restored- or No finding)	Other names or spelling	Submission relationship (son/daughter of OR killed by)	Equal relationship (sister/brother OR cooperation/help from)	Equal relationship + Union (Married to, sexual relation with)	Authority on (father/mother of OR killed)	Aspects (other gods that can change into or him/her or share similar domains)	Keywords	Localisation. "()" = non aztec origin
acolnahuacatl	Acolnahuacatl	Mictlantecuhtli	minor	wip, problem	Acolmiztli, Acolmiztu, Acolnahuacatl, Colnahuacatl, Cuezalli, Ahcolnahuacatl					Mictlantecuhtli	death, underworld, puma, animal	Ahcolnahuac
acuecucyoticihuati	Acuecucyoticihuati	Teteo Innan, Tlaloc, Chalchiuhtlicue	minor	wip, problem	Ahuic, Acuecueyotl, Acuecucyoticihuati, Acuecueyotlcihuatl			Xiuhtecuhtli		Chalchiuhtlicue	water, nature, sea, child, birth	
acxomocuil	Acxomocuil	Yacatecuhtli, Tezcatlipoca	second	yes	Xomocuil					Tezcatlipoca, Yacatecuhtli	trade, wine, alcohol, sex, minor	
ahkinshok	Ahkinshok	Xiuhtecuhtli	minor	wip, problem	Xmulzencab, Ah-Muzen-Cab					Xiuhtecuhtli	nature, animals, earth, bees,honey, food, fire	mayan
ahuiateteo 	Ahuiateteo 	Xochipilli, Xipe Totec, Mayahuel, spirit	minor	wip, problem	Macuiltonaleque, Ahuitéotl, Mācuiltonaleh		Nanahuatzin, Coyolxauhqui	Cihuateteo		Mayahuel, Xochipilli, Tonatiuh, Mictlantecuhtli	pleasure, alcohol, excess, spirit, gambling, sex, south, food	
ahuitzotl	Ahuitzotl	monster, Tlaloc	second	yes		Tlaloc				Tlaloc	water, nature, monster, dog, monkey, animal, beaver, otter	
amapan	Amapan	Huitzilopochtli	minor	wip, problem		Huitzilopochtli 	Painal			Huitzilopochtli	pleasure, war, game	
amimitl	Amimitl	Mixcoatl, Yacatecuhtli, Huitzilopochtli, Mixcoatl Camaxtli	minor	wip, problem	Amhimitl, Opochtli	Mixcoatl	Atlaua, Opochtli			Opochtli, Mixcoatl 	water, hunting, fish, fishing, food	Cuitlahuac (actual Tláhuac) una isla del lago Chalco, Chichemec god
atlacoya 	Atlacoya 	Tlaloc, Chalchiuhtlicue	second	yes (problem)	Atlcahualo					Chalchiuhtlicue	water, death, pulque, alcohol, fertility	
atlaua	Atlaua	Mixcoatl, Quetzalcoatl, Tlaloc	second	yes	Atlahua, Ahtlahuah					Quetzalcoatl, Tlaloc, Mixcoatl	water, hunting, sacrifice, south, fish, arrows, weapon, death	dieu de la guerre des Huexotzinca et des Tlaxcalteca
ayauhteotl	Ayauhteotl	Tlaloc, Chalchiuhtlicue	second	yes, problem	Ayauh					Chalchiuhtlicue	night, pleasure, sin, excess, dark, fame, glory	
ayopechcatl	Ayopechcatl	Teteo Innan, Mayahuel, Xochiquetzal, Ometeotl, Tlaloc, Chalchiuhtlicue	minor	wip	Tezcacoac Ayopechtli, Ayopechtli, Tezcacoac					Xochiquetzal, Mayahuel, Chalchiuhtlicue, Omecihuatl	child, birth, fertility, newborn, minor	Tezcacoac
azcatl	Azcatl	monster, animal, Quetzalcoatl 	minor	wip (problem)			Quetzalcoatl				nature, animals, fertility, ant, food, maize, earth	
camaxtli	Camaxtli	Mixcoatl, Camaxtli, primordial, Huitzilopochtli	main	yes	Yemaxtli, Tlaclau-queteztzatlipuca, Camaxtle, Tlatlauhca	Tonacatecuhtli				Mixcoatl, Xipe Totec, Huitzilopochtli	war, hunting, fire, fate, hope, sun, primordial, celestial, night	Chichimeque, Huexotzingo, Tlaxcala, Tlaxcaltecas
ce_acati	Ce Acati	Quetzalcoatl	minor	wip (problem)	Acatl, Ce Acatl Topiltzin, Topiltzin, Ceacatl					Quetzalcoatl	primordial, minor, creation	
centeotl	Centeotl	Centeotl, Tlaloc, Quetzalcoatl, Xipe Totec, Teteo Innan, Tonatiuh	main	yes	Cinteotl, Centeocihuatl, Centeal, Centeotltecutli, Cexochitl, Icnopiltzin, Tlatlauhquicenteotl, Tonacajoha, Tonacayohua, Tzinteotl, Xoxouhquicenteotl, Civeles, Temazcalteci. ToNantzin, Cinteotle, Centeocihuati, Cinteotlcihuatl, Cintéotltecuhtli, Cinteohuatl, Cintecutli, Iztaccenteotl	Tlazolteotl, Piltzintecuhtli, Xochiquetzal, Xochipilli, Teteo Innan	Tlazolteotl, Chicomecoatl	Chicomecoatl, Xochiquetzal, Xochiquetzal		Tlaloc, Chicomecoatl, Quetzalcoatl, Xipe Totec	fertility, maize, medecine, birth, food, alcohol, pulque, celestial, dance, music, excess, art, sport, fun, herbs, trade	Olmeque, maya, totonaque
centzon_huitznahua	Centzon Huitznahua	Huitzilopochtli, celestial, Coatlicue, Ometeotl, Teteo Innan	second	yes	Centzon Huitznauhtin, Centzonuitznaua, Centzon Huitznahuac, Centzonhuitznahua, Cuahuitlicac, Quauitlicac	Coatlicue, Ometeotl	Coyolxauhqui, Huitzilopochtli				celestial, star, moon, sun, night, south	
centzon-totochtin	Centzon Totochtin	Mayahuel, celestial, Huitzilopochtli	second	yes	Totochtin	Patecatl, Mayahuel, Coatlicue, Tepoztecatl	Tomiyauhtecuhtli, Techalotl, Yauhtecatl, Tlaltecayoa, Ixquitecatl, Papaztec, Ixtlilton, Ome Tochtli, Macuil Tochtli, Tezcatzoncatl, Tepoztecatl, Coyolxauhqui, Huitzilopochtli				pulque, pleasure, excess, alcohol, animal, rabbit	
chalchiuhcihuatl	Chalchiuhcihuatl	Teteo Innan, Centeotl, Xilonen, Chalchiuhtlicue, Tlaloc	minor	wip, problem DOUBLON ?	Chicomeccatl, Chicomecoatl, Xilonen, Tonantzin, Chicomexochitl 					Xilonen, Ilamatecuhtli, Chicomecoatl, Teteo Innan, Tlaltecuhtli, Chalchiuhtlicue	corn, maize, sacrifice, youth	
chalchiuhtecolotl 	Chalchiuhtecolotl 	Tezcatlipoca, Mictlantecuhtli, monster	minor	wip	Tlacatecolotl	Tezcatlipoca, Mictlantecuhtli 	Techlotl			Tezcatlipoca, Mictlantecuhtli 	death, night, animals, magic, sorcery, owl	
chalchiuhtlatonac 	Chalchiuhtlatonac 	Tlaloc, Chalchiuhtlicue	second	yes						Xochipilli, Chalchiuhtlicue	water, fertility, minor, sea, birth	Toltec
chalchiuhtlicue	Chalchiuhtlicue	Tlaloc, Chalchiuhtlicue	main	yes	Chalciuhtlicue, Chalchihuitlicue, Chalchiuhcueyeh, Chalchihcueye, Xalxitlikue, Xoxouhqui Ihuipil, Xoxouhqui Icue, Chalchiuh Tlatonac, Chicomecóatl, Chalchiuhicueye, Chalchiuhtlicue, Atl, Matlalcueye, Xixiquipilihui, Matlolcueitl, Chalchiuhtlatonac 	Ometecuhtli, Omecihuatl, Ometeotl	Itzaccihuatl, Nappatecutli, Chicomecoatl, Yohualticitl, Huixtocihuatl, Xilonen, Xochiquetzal, Chalchiuhtlatonac	Tlaloc, Xiuhtecuhtli	Huixtocihuatl, Tecciztecatl, Tlaloque, Tlaloquetotontli, Nappatecutli, Yauhqueme, Tecciztecatl, Opochtli, Tomiyauhtecuhtli, Nappatecutli, Huixtocihuatl, Ahuitzotl, Tlaloque	Chalchiuhcihuatl, Ayopechcatl, Matlalcueitl, Itzaccihuatl, Acuecucyoticihuati, Centeotl, Yohualticitl, Xilonen, Huixtocihuatl, Ayauhteotl, Atlacoya, Chicomecoatl 	nature, fertility, water, rain, storm, birth, travel, sea, trade	Tezcoco
chalchiutotolin	Chalchiutotolin	Tezcatlipoca, monster	second	yes	Chalchihuihtotolin	Tezcatlipoca, Quetzalcoatl	Ahuiateteo 			Tezcatlipoca	illness, death, disorder, chaos, fate, magic, disease, destruction, evil, animal	
chalmecacihuatl 	Chalmecacihuatl 	Mictlantecuhtli, Yacatecuhtli	second	yes (problem)	Chalmecacihuilt, Chalmeccacihuatl, Chalmecatl, Chalmecatecuchtli, Chachalmecacihuatl, Chalmeca ciuatl		Yacatecuhtli, Coyotlinaual	Tzontemoc		Mictlancihuatl, Tlazolteotl	death, underworld, sacrifice	mayan, Tenoch
chantico	Chantico	Xiuhtecuhtli, Teteo Innan 	second	yes	Chicomexochitl, Chalchiuhcihuatl, Xantico	Tonacatecuhtli		Xiuhtecuhtli	Xolotl	Coatlicue	nature, fertility, war, fire, gold, trade, animal	Xochimilco
chicomecoatl 	Chicomecoatl 	Tlaloc, Chalchiuhtlicue, Huitzilopochtli, Centeotl, Tezcatlipoca	second	yes	Chiutcoatl, Chicomeccatl, Chicomexochitl, or Chalchiuhcihuatl, Xilonen, Chicomolotzin, Chicomecohuati, Chicome Coatl		Tlaloc, Huitzilopochtli	Tezcatlipoca, Centeotl	Tezcatlipoca	Centeotl, Xilonen, Chalchiuhtlicue	fertility, maize, food, wealth, sacrifice	Valley of Mexico
chiconahui_ehecatl	Chiconahui Ehecatl	Quetzalcoatl, Tezcatlipoca, Huitzilopochtli, Xipe Totec	minor	wip (problem)	Chiucnahui Eecatl, Chiconahuiehecatl					Tezcatlipoca, Quetzalcoatl, Huitzilopochtli, Xipe Totec	primordial, minor	
chiconahui_itzcuintli	Chiconahui Itzcuintli	Xiuhtecuhtli, Chantico, Yacatecuhtli	minor	wip (problem)	Tloxipeuhca, Chicoahui Itzcuintli-Chantico, Chiucnahui itzcuintli, Tlappapalo, Papaloxahual			Xiuhtecuhtli		Chantico, Yacatecuhtli	lapidary, stone, death, minor	
chimalma	Chimalma	Mixcoatl, Quetzalcoatl, Huitzilopochtli, Teteo Innan	second	yes	Chimalman, Chimamatl	Huitzilopochtli, Tlaltecuhtli	Coatlicue	Mixcoatl	Quetzalcoatl, Coatlicue		fertility, life, death, rebirth, birth, primordial, youth, purity	Tolteque ?
cihuapipiltzin	Cihuapipiltzin	Teteo Innan, Cihuateteo	minor	wip	Cihuapipiltin, Cihuapilli		Cihuateteo, Ehecatotontli				death, child, travel, minor	
cihuatecayotl	Cihuatecayotl	Ehecatl, Quetzalcoatl, Ehecatotontli	minor	wip (problem)		Ehecatl, Quetzalcoatl	Mictlanpachecatl, Mictlampehécatl, Tlalocayotl, Huitztlampaehecatl, Cihuateteo			Ehecatl, Quetzalcoatl	west, wind, minor	
cihuateteo	Cihuateteo	Teteo Innan, spirits,  Huitzilopochtli	second	yes	Cituateteo, Civatateo, Chiuateteto, Cihuapipiltin, Cihuateteoh	Coatlicue, Tezcatlipoca, Itzpapalotl, Tlazolteotl 	Tzitzimitl, Cihuatecayotl, Tzitzimime, Tlazolteotl, Xochitlicue, Cihuacoatl, Tlatecuhtli, Chimalma, Mayahuel	Ahuiateteo, Macuil Cozcacuahtli, Macuil Cuetzpalin, Macuil Malinalli, Macuil Ocelotl, Macuil Tochtli, Macuil Tochtli, Macuil Xochitl, Cihuapipiltzin		Coatlicue	child, death, birth, spirits, west, fertility	
cinteteo	Cinteteo	Xipe Totec, Cinteteo, Centeotl	minor	wip	Centeotl, Tlatlauhquicenteotl, Yayauhquicintéotl	Centeotl	Iztac-Cinteotl, Tlatlauhca-Cinteotl, Cozauhca-Cinteotl, Yayauhca-Cinteotl 			Centeotl	maize, earth, fertility, food	
cipactli	Cipactli	monster, Mictlantecuhtli, Tezcatlipoca, primordial, Quetzalcoatl	main	yes	Xochitonal	Quetzalcoatl, Tezcatlipoca				Tlatecuhtli	earth, animal, primordial, monster, underworld, death, dark	
cipactonal	Cipactonal	Ometeotl, Xipe Totec, Tezcatlipoca, Quetzalcoatl, Huitzilopochtli, celestial, primordial	main	yes	Icozauqui, Cipactli	Ometeotl, Xipe Totec, Tezcatlipoca, Quetzalcoatl, Huitzilopochtli		Oxomoco	Piltzintecuhtli		celestial, science, magic, primordial, time, food, fertility, astrology, sun, day, sky	tolteque
citlalatonac	Citlalatonac	celestial, primordial, Ometeotl	main	yes				Citlalicue		Ometecuhtli 	celestial, primordial, star, night, sky	
citlalicue	Citlalicue	Ometeotl, celestial, primordial, Teteo Innan	main	yes	Citlalinicue, Citlalmina			Citlalatonac		Omecihuatl, Ometeotl 	celestial, primordial, night, star, earth, death, dark	
coatlicue	Coatlicue	Teteo Innan, Mixcoatl, Ometeotl, Huitzilopochtli, primordial, celestial, Tzitzimime,  Cihuateteo, Coatlicue	main	yes	Llamateuctli, Coatlantonan, Koatlikueitl, Tēteoh īnnān, Teteto Inan, Toci, Cihuacoatl, Tonantzin, Yohuatlicue, Chihucoatl, Ciucoatl, Chiuacoatl, Quilaztli, Huitzilincuatec, Tititl, Yaocihuatl, Tonantzin, Toci, Teteto Innan, Coatlicue, Quilaztli, Coacihuatl, Coatlan Tenan, Cuauhcihuatl, Tzitzimicihuatl, Cihuacohuatl, Cuaucihuatl, Teoyaominqui, Teoyaotlatohua, Teoyaomqui, Chicomexochitl ou Chalchiuhcihuatl	Itzpapalotl	Huitzilopochtli, Tzitzimime, Tlazolteotl, Tlatecuhtli, Cihuateteo, Chimalma, Mayahuel	Mixcoatl, Huehuecoyotl, Quetzalcoatl	Coyolxauhqui,  Cihuateteo, Mixcoatl, Quetzalcoatl, Xolotl, Quetzalcoatl, Centzon Huitznahua, Huitzilopochtli, Citlalicue	Ilamatecuhtli, Itzaccihuatl, Huixtocihuatl, Chalchiuhtlicue, Quilaztli, Ixnextli, Ilancueye, Cihuateteo, Tlazolteotl, Mayahuel, Xilonen, Chimalma, Itzpapalotl, Xochiquetzal, Omecihuatl, Coyolxauhqui, Teteo Innan, Chalchiuhcihuatl	fertility, nature, fire, earth, celestial, death, primordial, rebirth, sacrifice, trade, war, child, birth, violence, moon, celestial, midwives, purity	Chalmeques, Xochimilcas, Chichimeques
cochimetl	Cochimetl	Yacatecuhtli, Mayahuel	minor	wip (problem)	Coccochimetl, Cocochimetl					Yacatecuhtli, Mayahuel	trading, travel, minor	
coyolxauhqui	Coyolxauhqui	Xiuhtecuhtli, Centzon Huitznahua, celestial, Huitzilopochtli, Xipe Totec, Ometeotl, Mixcoatl, Teteo Innan	second	yes	Coyolxanuhqui 	Coatlicue, Mixcoatl, Ometeotl	Centzon Huitznahua,  Huitzilopochtli			Tlazolteotl	celestial, earth, star, moon	
coyotlinaual	Coyotlinaual	Xiuhtecuhtli, Yacatecuhtli, Quetzalcoatl, Xochipilli	minor	wip	Coyotlinahual, Coyotl Inahual	Quetzalcoatl				Xiuhtecuhtli, Yacatecuhtli	craft, art, trade	
cuaxolotl 	Cuaxolotl 	Quetzalcoatl	second	yes						Xolotl, Chantico	home, child, underworld, birth	
ehecatl	Ehecatl	Quetzalcoatl Ehecatotontli, Tezcatlipoca, Tlaloc	second	yes	Ehcatl		Tlaloc, Quetzalcoatl	Mayahuel	Tecciztecatl	Quetzalcoatl, Tezcatlipoca	earth, wind, nature, celestial, science, primordial, love, pleasure, fertility	
huehuecoyotl	Huehuecoyotl	Xiuhtecuhtli, Tezcatlipoca, Mictlantecuhtli, Xipe Totec, Teteo Innan	second	yes	Ueuecoyotl, huehuehcoyotl		Xolotl, Ilamatecuhtli, Teteo Innan, Xipe Totec			Tezcatlipoca, Yacatecuhtli, Xiuhtecuhtli	animals, arts, nature, trickster, chaos, music, wild, pleasure, excess	
huehueteotl	Huehueteotl	Xiuhtecuhtli, Tlaloc, Ometeotl, Xiuhtecuhtli, primordial, celestial	second	yes	Ueueteotl, Hiuhtecuctli, Ixcozauhqui, Cuezaltzin, Huehueteotl, Tata, Huehuetzin, Huehuetecutli, Huehuehteotl			Chalchiuhtlicue		Xiuhtecuhtli, Ometeotl	fire, celestial, primordial, north, celestial, time, trade	Otomi
huitzilopochtli	Huitzilopochtli	Huitzilopochtli, Yacatecuhtli, priimordial, Mixcoatl, Tezcatlipoca, Quetzalcoatl, Xipe Totec, Ometeotl, Tonatiuh, Teteo Innan	main	yes	Uitzilopochtli, Mextli, Mexitl, Inaquizcaotl, Mezitl, Omiteotl-Inaquizcaotl, Tetzauhteotl, Tetzahuitl, Yaotecuhtli, Yaotzin, Vitzilopuchtl, Mexih	Coatlicue, Mixcoatl, Ometeotl, Ometecuhtli, Omecihuatl, Teteo Innan, Tonatiuh	Malinalxochi, Chicomecoatl, Tlaloc, Centzon Totochtin, Tonatiuh, Tlaltecuhtli, Xolotl, Quetzalcoatl, Tezcatlipoca, Xipe Totec, Centzon Huitznahua, Coyolxauhqui, Coatlicue		Opotchli, Chimalma, Painal, Xiuhcoatl, Amapan, Uappatzin	Tetzahauteotl, Chiconahui Ehecatl, Amimitl, Patecatl, Painal, Opotchli, Ixtlilton, Tonatiuh, Tezcatlipoca, Camaxtli	war, fire, sun, storm, primordial, sacrifice	tribal god of the Mexica of Tenochtitlan, Mayan ?
huixtocihuatl	Huixtocihuatl	Tlaloc, Chalchiuhtlicue, Yacatecuhtli, Tlaloque, Tezcatlipoca, Teteo Innan	second	yes	Uixtocihuatl, huixtohcihuatl	Tlaloc, Chalchiuhtlicue	Tlaloc, Chalchiuhtlicue, Xochiquetzal, Xilonen, Atlatonan	Tezcatlipoca		Chalchiuhtlicue	fertility, nature, ocean, sea, water, salt, food, trade, minor	Olmeque
ilamatecuhtli 	Ilamatecuhtli 	Teteo Innan	second	yes	Ilamatecutli					Coatlicue, Chicomecoatl, Xilonen, Xochiquetzal	death, earth, celestial, war, craft, primordial, old	
ilancueye	Ilancueye	Teteo Innan, Centeotl	second	yes	Ilancueitl				Centeotl	Teteo Innan, Coatlicue	maize, fertility, minor	
ilhuicamina	Ilhuicamina	Xiuhtecuhtli	minor	wip						Xiuhtecuhtli	sun, minor	
inta	Inta	Xiuhtecuhtli	minor	wip	Intal					Xiuhtecuhtli	sun, minor	inca
itzaccihuatl	Itzaccihuatl	Tlaloc, Mixcoatl, Teteo Innan, Chalchiuhtlicue	minor	wip	Iztaccihuatl, Iztac tepetl, Iztactepetl		Tlaloque			Chalchiuhtlicue, Mixcoatl, Coatlicue	hunt, animal, minor, nature, earth, animal, mountain, disease, healing	
itzcuintli  	Itzcuintli  	Mictlantecuhtli, monster	second	yes	Itzcutintli					Mictlantecuhtli	death, animal, home, monster	
itzpapalotl	Itzpapalotl	Teteo Innan, Cihuateteo, Tzitzimine, Mixcoatl	second	yes	Itzpapalotlcíhuatl, Itzcueye	Tzitzimime, Tlazolteotl, Tlatecuhtli, Cihuateteo, Chimalma, Mayahuel, Coatlicue		Mixcoatl, Itztlacoliuhqui 	Mixcoatl, Cihuateteo, Tzitzimitl	Teteo Innan	night, earth, fertility, fire, animals, hunting, sacrifice, pleasure, lightning, magic	Chichimeque
itztlacoliuhqui	Itztlacoliuhqui	Tezcatlipoca, Mictlantecuhtli, Centeotl, Tonatiuh	second	yes	Itztlacoliuhqui-Ixquimilli,  Itzlacohuihqui, Itzlacoliuhqui, Itzlacoliuhque, Ixquimilli, Iztacoliuhqui	Tonatiuh	Tlahuizcalpantecuhtli, Centeotl	Itzpapalotl		Tlahuizcalpantecuhtli, Tezcatlipoca, Mictlantecuhtli	earth, stone, cold, justice, celestial, north, night, destruction	mayan (Xibalba city of Mictlan)
itztli	Itztli	Tezcatlipoca 	second	yes	Itzli	Tezcatlipoca	Itztlacoliuhqui, Ixquimilli			Tezcatlipoca	death, earth, sacrifice	
ixcozauhqui	Ixcozauhqui	Xiuhtecuhtli, Yacatecuhtli, Tonatiuh	minor	wip						Xiuhtecuhtli, Tonatiuh, Yacatecuhtli	minor, trade, fire	
ixcuina	Ixcuina	Teteo Innan	second	yes	Ixcuiname, Ixcuinan,Tlaelcuani, Tlazolteteoh, Ixcuina					Tlazolteotl	nature, fertility, sex, excess, pleasure, filth	
ixnextli	Ixnextli	Teteo Innan	second	yes			Huehuecoyotl 			Xochiquetzal	fertility, nature, trade	
ixquimilli	Ixquimilli	Tezcatlipoca	second	yes			Itztlacoliuhqui			Tezcatlipoca, Tlahuizcalpantecuhtli, Itztlacoliuhqui	night, war, magic, justice, cold, stone	Toltec
ixquitecatl	Ixquitecatl	Metztli, Mayahuel, Xipe Totec, Tezcatlipoca	minor	wip problem	Izquitecatl		Tomiyauhtecuhtli, Techalotl, Yauhtecatl, Tlaltecayoa, Papaztec, Ixtlilton, Ome Tochtli, Macuil Tochtli, Tezcatzoncatl, Tepoztecatl			Tezcatlipoca	magic, healing, pulque, fertility, minor	Izquitlān
ixtlilton	Ixtlilton	Xiuhtecuhtli, Huitzilopochtli, Mayahuel	second	yes, problem	Ixtlilxochitl, Tlaltetecuin, Ixtliltzin, Ixtliton, Chicahualiztéotl 	Huitzilopochtli, Patecatl, Mayahuel	Tomiyauhtecuhtli, Techalotl, Yauhtecatl, Tlaltecayoa, Izquitecatl, Papaztec, Ixtlilton, Ome Tochtli, Macuil Tochtli, Tezcatzoncatl, Tepoztecatl, Xochipilli			Xiuhtecuhtli	healing, pleasure, child, pulque, fire, science, medecine, game, fun, alcohol, fire, fertility, rain, sex	
iztapaltotec 	Itztapaltotec 	Xipe Totec, Yacatecuhtli	minor	problem DOUBLON ?	Itztapal Totec, Iztapaltotec		Itzpapalotl			Xipe Totec	earth, fertility, craft	
macuil_cozcacuahtli 	Macuil Cozcacuahtli 	Mayahuel, Ahuiateteo, Macuiltonaleque	second	yes	Macuilcozcacuauhtli, Macuil-Cozcacuahtli 	Mayahuel, Patecatl	Macuil Xochitl, Macuil Tochtli, Macuil Malinalli, Macuil Cuetzpalin, Macuil Cozcacuahtli 				pleasure, excess, gambling, sex, south, pulque	
macuil_cuetzpalin 	Macuil Cuetzpalin 	Mayahuel, Ahuiateteo, Macuiltonaleque	second	yes	Macuilcuetzpalin	Mayahuel, Patecatl	Macuil Xochitl, Macuil Tochtli, Macuil Malinalli, Macuil Cozcacuahtli 				pleasure, excess, gambling, sex, south, pulque	
macuil_malinalli	Macuil Malinalli	Xochipilli, Xipe Totec, Mayahuel, Ahuiateteo, Macuiltonaleque	minor	wip	Macuilmalinalli, Macuil-Malinalli		Macuil Xochitl, Macuil Tochtli, Macuil Cuetzpalin, Macuil Cozcacuahtli, Ahuiateteo				pleasure, excess, gambling, sex, south, pulque	
macuil_ocelotl	Macuil Ocelotl	Yacatecuhtli, Mayahuel	minor	wip	Macuilocelotl, Macuil-Ocelotl 		Macuil Xochitl, Macuil Tochtli, Macuil Cuetzpalin, Macuil Cozcacuahtli, Ahuiateteo				trade, feather	
macuil_tochtli	Macuil Tochtli	Mayahuel, Huitzilopochtli, Ahuiateteo, Macuiltonaleque, Yacatecuhtli	second	yes	Macuiltochtli 	Mayahuel, Patecatl	Tomiyauhtecuhtli, Techalotl, Yauhtecatl, Tlaltecayoa, Izquitecatl, Papaztec, Ixtlilton, Ome Tochtli, Macuil Xochitl, Tezcatzoncatl, Tepoztecatl, Macuil Tochtli, Macuil Malinalli, Macuil Cuetzpalin, Macuil Cozcacuahtli				pleasure, excess, gambling, sex, south, war, death, pulque	
macuil_xochitl	Macuil Xochitl	Centeotl, Mayahuel	second	yes		Xochipilli, Xochiquetzal	Macuil Tochtli, Macuil Malinalli, Macuil Cuetzpalin, Macuil Cozcacuahtli, Ixtlilton, Tomiyauhtecuhtli, Techalotl, Yauhtecatl, Tlaltecayoa, Izquitecatl, Papaztec, Ixtlilton, Ome Tochtli, Tezcatzoncatl, Tepoztecatl, Xochiquetzal	Mayahuel		Xochiquetzal, Xochipilli, Centeotl, Ixtlilton, Huehuecoyotl	pleasure, music, art, dance, gambling, nature, excess, game	
malinalxochi	Malinalxochi	Mixcoatl, Mictlantecuhtli, Huitzilopochtli, Ometeotl, Tonatiuh	second	yes	Matlalcueje, Masaya, Malinalxochi, Malinalxochitl	Coatlicue, Mixcoatl, Ometeotl, Tonatiuh, Mictlantecuhtli	Huitzilopochtli, Centzon Huitznahua			Tezcatlipoca	magic, animal, earth, underworld, minor	Malinalco
matlalcueitl	Matlalcueitl	Tlaloc, Teteo Innan, Tlaloque, Chalchiuhtlicue	minor	wip	Matlalcueyeh, Matlalcueje, Matlalcueye		Tlaloque	Tlaloc		Chalchiuhtlicue	earth, rain, fertility, minor	Tlaxcalan
mayahuel	Mayahuel	Mayahuel, Teteo Innan	second	yes	Mayahual, Mayouel, Tezcacoac	Tzitzimitl	Tlazolteotl, Ehecatl, Tepoztecatl	Patecatl, Xochipilli, Quetzalcoatl, Macuil Xochitl	Centzon Totochtin, Tomiyauhtecuhtli, Techalotl, Yauhtecatl, Tlaltecayoa, Ixquitecatl, Papaztec, Ixtlilton, Ome Tochtli, Macuil Tochtli, Tezcatzoncatl, Tepoztecatl	Tlazolteotl, Cochimetl, Coatlicue	fertility, nature, pulque, medicine, excess, alcohol, science, food, love	
metztli	Metztli	Tezcatlipoca	second	yes	Meztli		Coyolxauhqui			Yohualtecuhtli, Coyolxauhqui, Tecciztecatl, Tezcatlipoca	earth, celestial, minor, sacrifice, sun, moon, dark	
micapetlacalli	Micapetlacalli	Mictlantecuhtli	minor	wip	Miccapetlacalli, Micapetlacoli, Miccapetlazolli			Nextepeua		Mictlancihuatl	death, underworld, minor	
mictlancihuatl	Mictlancihuatl	Mictlantecuhtli, Ometeotl	second	yes	Mictecacihuatl, Mictecacioatl		Omecihuatl	Mictlantecuhtli	Cipactli, Miquiztlitecuhtli	Micapetlacalli, Omecihuatl, Chalmecacihuatl 	death, underworld	
mictlantecuhtli	Mictlantecuhtli	Mictlantecuhtli, primordial, Ometeotl, Tezcatlipoca	main	yes	Mictlantecuhtzi Tzontemoc, Mictlantli, Mictlantecahtli, Cuezallin, Ah Puch (mayan), Hunhau (mayan), Mictecacíhuatl, Mictlān Teuctli, Cuezal, Tocuilehua, Tlalchi Tonatiuh		Xiuhtecuhtli	Mictlancihuatl	Cipactli, Yohualtecuhtli, Nextepeua, Chalchiuhtecolotl, Acolnahuacatl, Piquete Zina, Itzcuintli, Xolotl, Huehuecoyotl, Tzontemoc, Chalmecacihuatl, Micapetlacalli	Tzontemoc, Techlotl, Miquiztlitecuhtli, Nextepeua, Chalchiuhtecolotl, Acolnahuacatl, Tonatiuh, Tlalchi Tonatiuh, Quetzalcoatl, Tlahuizcalpantecuhtli, Tepeyollotl, Itztlacoliuhqui, Itzcuintli, Chalchiutotolin, Xiuhtecuhtli, Tezcatlipoca, Ometecuhtli	death, celestial, underworld, primordial, dark	 Ah Puch (mayan)
miquiztlitecuhtli	Miquiztlitecuhtli	Mictlantecuhtli	minor	wip		Mictlancihuatl				Mictlantecuhtli	death, disease, sacrifice, minor	
mixcoatl	Mixcoatl	Mixcoatl, Tezcatlipoca, Huitzilopochtli, primordial, Quetzalcoatl, Xipe Totec, Yacatecuhtli, Teteo Innan	main	yes	Iztacmixcoatl, Icnopilli, Tlatlauhqui Tezcatl-Ihpoca, Opocheh, Ce Tecpatl Mixcoatl	Tonacatecuhtli, Tezcatlipoca, Xipe Totec, Quetzalcoatl, Itzpapalotl, Coatlicue, Ilancueye, Tlaltecuhtli		Coatlicue, Chimalma, Itzpapalotl, Xochiquetzal	Quetzalcoatl, Tezcatlipoca, Coyolxauhqui, Huitzilopochtli, Centzon Huitznahua, Malinalxochi, Ce Acati, Opochtli, Amimitl	Yohualtecuhtli, Itzaccihuatl, Amimitl, Atlaua, Camaxtli, Tlahuizcalpantecuhtli, Opotchli, Huitzilopochtli, Tezcatlipoca, Xipe Totec, Yacatecuhtli	hunting, war, celestial	Nahua, Chichimecs, Otomis, tolteque
nanahuatzin 	Nanahuatzin 	celestial, Tonatiuh, Quetzalcoatl	second	yes	Nana, Nanautzin, Nanauatzin, Nanahuatl,  Nanatzin 	Quetzalcoatl	Tecciztecatl, Xolotl, Ahuiateteo			Tonatiuh, Xolotl, Xipe Totec	sun, sacrifice, courage	
nappatecutli	Nappatecutli	Tlaloc complex, Tlaloque, Tezcatlipoca	second	yes	Tlanempopoloa, Napatecutli, Teaaltiani, Nappatecuhtli		Tlaloque, Tomiyauhtecuhtli, Opochtli, Huixtocihuatl			Tezcatlipoca, Tlaloc	craft, travel, trade, art, rain	
naui_oxomatli	Naui oxomatli	Teteo Innan, Tonatiuh	minor	wip	chiconahui ozomahtli		Teteo Innan, Xochiquetzal				earth, minor, fire	Cōlhuah
nextepeua	Nextepeua	Mictlantecuhtli	minor	wip	Nextepehua			Micapetlacalli		Mictlantecuhtli, Tonatiuh	death, underworld	
omacatl	Omacatl	Tezcatlipoca	minor	wip (problem)	Omacahtl					Tezcatlipoca	pleasure, death, art, excess, minor	
ome_tochtli	Ome Tochtli	Mayahuel, Centzon Totochtin, Tezcatlipoca	second	yes	Ometotchtli, Ometochtli, Ome-Tochtli	Patecatl, Mayahuel, Tezcatlipoca 	Tomiyauhtecuhtli, Techalotl, Yauhtecatl, Tlaltecayoa, Ixquitecatl, Papaztec, Ixtlilton, Macuil Tochtli, Tezcatzoncatl, Tepoztecatl		Centzon Totochtin	Tepoztecatl	fertility, nature, excess, pleasure, pulque, alcohol	
omecihuatl	Omecihuatl	Ometeotl, Xipe totec, Huitzilopochtli, Quetzalcoatl, Tezcatlipoca, Tlaloc	second	yes	Mihuatl,  Ilhuicacihuatl, Ometeotl,  Acalhuah		Ometecuhtli	Ometecuhtli	Malinalxochi, Centzon Huitznahua, Coyolxauhqui, Tzitzimitl, Tlaloc, Xipe Totec, Tezcatlipoca, Quetzalcoatl, Huitzilopochtli, Cipactonal, Oxomoco, Chalchiuhtlicue	Mictlancihuatl, Cipactonal, Tonacacihuatl, Citlalicue, Coatlicue, Ayopechcatl	primordial, creation	
ometecuhtli	Ometecuhtli	Ometeotl, Xipe Totec, primordial, Huitzilopochtli, Quetzalcoatl, Tezcatlipoca, Tlaloc	main	yes	Ometeotl, Omeyotl, Ometeoltloque, Yohualli. Ometeoltloque, Ometecutli, Tloque Nahuaque, Citlatonac, Ometecuhtl, Ome Tochtli, Acalhuah, Ilhuicacihuatl, Ilhuicahuah, Ilhuicateotl		Omecihuatl	Omecihuatl	Malinalxochi, Centzon Huitznahua, Coyolxauhqui, Tzitzimitl, Tlaloc, Xipe Totec, Tezcatlipoca, Quetzalcoatl, Huitzilopochtli, Cipactonal, Oxomoco, Chalchiuhtlicue	Xiuhtecuhtli, Tonacatecuhtli, Tloque Nahuaque, Huehueteotl, Mictlantecuhtli, Citlalatonac, Oxomoco	primordial, celestial, duality	
ometeotl	Ometeotl	Ometeotl, Xipe Totec, primordial, Huitzilopochtli, Quetzalcoatl, Tezcatlipoca, Tlaloc	main	yes	Ometecuhtli, Omecihuatl, Ipalnemohuani, Moyocan, Omeyotl		Ometecuhtli, Omecihuatl		Malinalxochi, Centzon Huitznahua, Coyolxauhqui, Tzitzimitl, Tlaloc, Xipe Totec, Tezcatlipoca, Quetzalcoatl, Huitzilopochtli, Cipactonal, Oxomoco, Chalchiuhtlicue	Xiuhtecuhtli, Tonacatecuhtli, Tloque Nahuaque, Huehueteotl, Mictlantecuhtli, Citlalatonac, Oxomoco, Mictlancihuatl, Cipactonal, Tonacacihuatl, Citlalicue, Coatlicue, Ayopechcatl	primordial, duality, food	
opochtli	Opochtli	Tlaloc, Mixcoatl, Tlaloque, Huitzilopochtli, Tonatiuh	second	yes		Mixcoatl, Huitzilopochtli	Tlaloque, Nappatecutli, Tomiyauhtecuhtli, Huixtocihuatl			Mixcoatl, Huitzilopochtli	hunting, war, water, sacrifice	
otontecuhtli 	Otontecuhtli 	Xiuhtecuhtli, Yacatecuhtli	minor	wip	Otonteuctli, Xocotl			Xochiquetzal		Xiuhtecuhtli, Yacatecuhtli	fire, earth, nature, love, game, dance, pleasure, sex, trade, birth	otomis, Mazāhuah, chichimeque
oxomoco	Oxomoco	Ometeotl,  Xipe Totec, Tezcatlipoca, Quetzalcoatl, Huitzilopochtli	main	yes	Icozauqui, Cipactli (for Cipactonal), Oxomo (for Oxomoco)	Ometeotl,  Xipe Totec, Tezcatlipoca, Quetzalcoatl, Huitzilopochtli		Cipactonal	Piltzintecuhtli	Itzpapalotl	celestial, primordial, fertility, night, dark, astrology, science, sky	tolteque
painal	Painal	Huitzilopochtli	second	yes	Paynal, Painalton, Paynalton, payinal, payinalton, payinaltzin	Huitzilopochtli				Huitzilopochtli	war, travel, sacrifice	
papaztec	Papaztec	Metztli, Xipe Totec, Centzon Totochtin, Mayahuel	minor	wip	Papaztac, Papahiztac	Patecatl, Mayahuel	Tomiyauhtecuhtli, Techalotl, Yauhtecatl, Tlaltecayoa, Colhuacatzincatl, Ixquitecatl, Ixtlilton, Ome Tochtli, Macuil Tochtli, Tezcatzoncatl, Tepoztecatl			Tepoztecatl	pulque, alcohol, excess	Tepoztlan
patecatl	Patecatl	Mayahuel, Centeotl	second	yes	Pantecatl, Pahtecatl	Centeotl	Centzon Totochtin	Mayahuel	Centzon Totochtin, Tomiyauhtecuhtli, Techalotl, Yauhtecatl, Tlaltecayoa, Ixquitecatl, Papaztec, Ixtlilton, Ome Tochtli, Macuil Tochtli, Tezcatzoncatl, Tepoztecatl		pulque, healing, medecine, alcohol, fertility, minor	
piltzintecuhtli	Piltzintecuhtli	Tonatiuh  	second	yes	Piltzintecuhtli	Oxomoco, Cipactonal, Xochiquetzal	Ahuiateteo	Xochiquetzal	Centeotl	Tonatiuh, Xochipilli 	celestial, youth, healing, sun, summer, night, drug, excess	
piquete_zina 	Piquete Zina 	monster, Mictlantecutli, Tlaloc	second	yes	Camazotz, Tlacatzinacantli, Kamasotz					Tlaloc	animal, night, dark,  bat, fertility, minor	Zapoteque, mayan
popocatepetl	Popocatepetl	Tlaloc 	minor	wip (problem)			Mayahuel, Patecatl	Itzaccihuatl			earth, water, fertility, nature, sacrifice, rain, mountain	
quetzalcoatl 	Quetzalcoatl 	Quetzalcoatl, primordial,  Xipe Totec, Huitzilopochtli, Tezcatlipoca, Tlaloc, Tonatiuh	main	yes	Tlilpotonqui, Matl, Tlahuizcalpantecuhtli, Tlamacazqui, Topiltzin, Iztauhqui-Tezcatlipoca	Camaxtli, Chimalma, Mictlantecuhtli, Xochiquetzal, Ometecuhtli, Omecihuatl, Tonacatecuhtli, Tonacacihuatl, Coatlicue	Tzontemoc, Ehecatl, Huitzilopochtli, Tlaloc, Tonatiuh, Xolotl, Tezcatlipoca, Xipe Totec, Coyotlinaual, Azcatl	Tlazolteotl, Mayahuel, Huitzilopochtli	Xochiquetzal, Piltzintecuhtli, Chalchiutotolin, Tonatiuh, Cipactonal, Oxomoco, Huixtocihuatl, Centeotl, Nanahuatzin, Tlatecuhtli, Cipactli	Tlaloc, Yohualtecuhtli, Chiconahui Ehecatl, Ce Acati, Yacatecuhtli, Tlahuizcalpantecuhtli, Nanahuatzin, Atlaua, Xolotl, Xochipilli, Centeotl, Ehecatl, Tezcatlipoca	primordial, fertility, magic, science, religion, trade, wind, time, healing, art, pleasure, east	Mayan (Kukulkan), Quiche (Gukumatz), Cholula
quilaztli	Quilaztli	Teteo Innan	second	yes	Cihuacoatl, Quauhciuatl, Yoaciuatl, Tzitziminciuatl					Coatlicue, Chantico	fertility, birth	
tecciztecatl	Tecciztecatl	Tezcatlipoca, celestial	second	yes	Teucciztecatl, Tecuhciztecatl, Tecuciztecal 	Tlaloc, Chalchiuhtlicue 	Nanahuatzin, Coyolxauhqui			Metztli, Coyolxauhqui, Tezcatlipoca	celestial, moon, coward, earth	Xaltocan
techalotl	Techalotl	Xipe Totec, Mayahuel, monster, Centzon Totochtin	minor	wip	Tecuhalotl		Tomiyauhtecuhtli, Yauhtecatl, Tlaltecayoa, Colhuacatzincatl,  Ixquitecatl, Papaztec, Ixtlilton, Ome Tochtli, Macuil Tochtli, Tezcatzoncatl, Tepoztecatl				nature, animal, monster, dance, pleasure, excess	
techlotl 	Techlotl 	Mictlantecuhtli	minor	wip, problem			Chalchiuhtecolotl			Mictlantecuhtli 	death, animal, underworld, night	mayan
tepeyollotl	Tepeyollotl	Tezcatlipoca, monster,  Mictlantecutli	second	yes	Tepeyollohtli					Tezcatlipoca, Mictlantecuhtli, Tlaltecuhtli	death, animal, nature, mountain, earth, sun	
tepoztecatl	Tepoztecatl	Mayahuel, Centontotochtin, Ome Tochtli	second	yes	Tezcatzontecatl, Ehecacone, Tezctzoncatl, Acan, Tezcatonatl	Mayahuel, Patecatl	Ome Tochtli, Tezcatzoncatl, Ixtlition, Macuil Tochtli, Papaztec, Yauhtecatl, Ixquitecatl, Tlaltecayoa, Techalotl, Tomiyauhtecuhtli	Mayahuel	Centzon Totochtin	Ome Tochtli, Tlaloc	pulque, animal, alcohol, excess, food, fertility	Acan (maya), Tenoch (plumiers et vendeurs de vin)
teteo_innan 	Teteo Innan 	Teteo Innan, Xiuhtecuhtli, primordial, Huitzilopochtli	main	yes	Tetevinan, Teteo Innan, Teteoh Innan, Toci, Tonantzin, Citlalcueyeh, Nantli,  Tlalli iyolloh, Tocih, Temazcaltecih, Tlalli, Tocitzin, Tocicuahuill, Temazcalteci, Tlalli Iyollo, Teteo-Innan-Toci, Chicomexochitl, Chalchiuhcihuatl, Teteoinnan 			Huehuecoyotl, Xiuhtecuhtli 	Huitzilopochtli	Coatlicue, Tlazolteotl 	earth, fertility, primordial, nature, war, violence, birth	
tetzahauteotl	Tetzahauteotl	Huitzilopochtli, Yacatecuhtli, Tlaloc	minor	wip, problem	Tetzahuitl, Tetzauhteotl, Tetzauhteotl Amatecihuitl					Huitzilopochtli 	minor, war	Mexico
tezcatlipoca	Tezcatlipoca	Tezcatlipoca, Yacatecuhtli, celestial, primordial, Xipe Totec, Quetzalcoatl, Huitzilopochtli, Tlaloc	main	yes	Omacatl, Titlacauan/titlacahuan, Tezcatlanextia, Yaotl, Necoc Yaotl, Moyocoya, Necaualpilli, Miquizyaotl, Techimaltini, Teoxonecuilli, Tlacanexquimilli, Tlacatecolotl, Tliltecuhtli, Yayauhqui-Tezcatlipoca, Yoaltecuhtli, Yoalehecatl, Tlamatzincatl, Telpochtli, Moyocoyatzin, Monenegui, Teyocoyani, Teimatini, Yaotzin, Yaotl necoc, Moquequeloa, Nezaualpilli, Tlamatzincatl, Yoalli ehecatl, Chicoyaotl, Moquehqueloa, Moyocoya, Necocyaotzin, Nezahualpilli , Teonexquimilli, Teotlale, Tlanempopolo	Ometecuhtli, Omecihuatl, Ometeotl, Coatlicue, Tonacatecuhtli, Tonacacihuatl, Mixcoatl, Chimalma, Chicomecoatl 	Xipe Totec, Quetzalcoatl, Huitzilopochtli, Tlaloc, Tloque Nahuaque, Chalchiuhtlicue 	Chicomecoatl, Huixtocihuatl, Xilonen, Xochiquetzal	Chalchiuhtecolotl, Itztli, Cihuateteo, Chalchiutotolin,  Ome Tochtli, Tlatecuhtli, Cipactli	Tlaloc, Huitzilopochtli, Quetzalcoatl, Yohual Tonatiuh, Piltzintecuhtli, Yohualtecuhtli, Yayauhqui Tezcatlipoca, Yaotl, Mixcoatl, Tlatlauhqui Tezcatlipoca, Tezcatzoncatl, Omacatl, Ixquitecatl, Chiconahui Ehecatl, Chalchiuhtecolotl, Tlalchi Tonatiuh, Titlacahuan, Tepeyollotl, Tecciztecatl, Nappatecutli, Metztli, Ixquimilli, Itztlacoliuhqui, Huehuecoyotl, Ehecatl, Chalchiutotolin, Acxomocuil, Xipe Totec, Tloque Nahuaque, Mictlantecuhtli	primordial, magic, night, death, war, destruction, chaos, north, celestial, evil, destruction, royalty, travel, sacrifice, moon, religion	Toltec,  mayan (Yoaltecuhtli)
tezcatzoncatl	Tezcatzoncatl	Xipe Totec, Mayahuel	minor	wip, problem	Tezcatzontecatl 		Tomiyauhtecuhtli, Techalotl, Tlilhua, Yauhtecatl, Tlaltecayoa, Colhuacatzincatl, Izquitecatl, Toltecatl, Totoltecatl, Papaztec, Ixtlilton, Ome Totchtli, Macuil Tochtli, Tepoztecatl			Mayahuel, Tezcatlipoca	pulque, alcohol, excess, animal, rabbit	
titlacahuan	Titlacahuan	Tezcatlipoca, Yacatecuhtli	second	yes	Titlacauan					Tezcatlipoca	fate, evil, minor	
tlacotzontli	Tlacotzontli	Yacatecuhtli, Quetzalcoatl	minor	wip	Tlacotontli, Cacatzontli		Zacazontli			Yacatecuhtli	travel, trade, sacrifice	
tlahui	Tlahui	monster	minor	wip, problem						Tlazolteotl	animal, scorpion, minor	
tlahuizcalpantecuhtli	Tlahuizcalpantecuhtli	Mixcoatl, Quetzalcoatl, Tonatiuh	second	yes	Tlahuizcalpantecutli, Tlahuiazecalpatcuatli, Tlahuizcalpan				Itztlacoliuhqui 	Quetzalcoatl, Mictlantecuhtli	sun, death, celestial, destruction, east, science, time, fertility, rebirth, sun	
tlalchi_tonatiuh	Tlalchi Tonatiuh	Mictlantecuhtli, Tonatiuh, Tezcatlipoca	second	yes	Tlachitonatiuh	Tonatiuh				Tonatiuh, Tezcatlipoca	sun, underworld, minor	
tlaloc	Tlaloc	Tlaloc, Ometeotl	main	yes	Nuhualpilli, Oztoteot, Nonoalco, Nonohualco, Tlaloccantecutli, Tlaloctlamacazqui, Tlaloc Tlamacazqui, Epcoa, Epcoatl, Tlalocan Teuctli	Ometecuhtli, Omecihuatl, Ometeotl	Tezcatlipoca, Chalchiuhtlatonac, Ehecatl	Xochiquetzal, Chicomecoatl, Chalchiuhtlicue, Huixtocihuatl, Matlalcueitl, Chalchiuhtlatonac	Tecciztecatl, Ahuitzotl, Tlaloque, Nappatecutli, Opochtli, Tomiyauhtecuhtli, Huixtocihuatl, Yauhqueme, Huixtocihuatl	Tecciztecatl, Popocatepetl, Yauhqueme, Tomiyauhtecuhtli, Nappatecutli, Xochipilli, Tzapatlan Tenen, Tlaloque, Tepoztecatl, Atlaua, Tlatecuhtli, Quetzalcoatl, Centeotl	nature, fertility, sacrifice, water, rain, disease, lightning, storm, sea	
tlaloque	Tlaloque	Tlaloc, spirits, Tlaloque, monster	second	yes	Tlaloc, Tepictoton, Ahuahqueh, Tepicmeh	Tlaloc				Tlaloc	death, rain, sacrifice, minor, nature, monster, mountain, earth, water	
tlaltecayoa	Tlaltecayoa	Metztli, Xipe Totec, Mayahuel, Centzon Totochtin	minor	wip	Tlaltecayohua, Tlaltecayohuah, Tlaltecayohua 	Patecatl, Mayahuel	Tomiyauhtecuhtli, Techalotl, Yauhtecatl, Tlaltecayoa, Colhuacatzincatl, Ixquitecatl, Papaztec, Ixtlilton, Ome Totchtli, Macuil Tochtli, Tezcatzoncatl, Tepoztecatl				pulque, earth, minor	
tlatecuhtli	Tlaltecuhtli	Teteo Innan, monster, primordial, Coatlicue, celestial, Quetzalcoatl, Tezcatlipoca, Tonatiuh	main	yes	Tlatecuhtli, Tlalteuctli, Tlalcihuatl	Quetzalcoatl, Tezcatlipoca	Coatlicue, Tlazolteotl	Tlalcihuatl 		Tlaloc, Cipactli, Tonatiuh	earth, birth, children, monster, sacrifice, night, primordial, celestial, sun, life, animal	Tolteque
tlatlauhqui_tezcatlipoca	Tlatlauhqui Tezcatlipoca	Xipe Totec, Tezcatlipoca	minor	wip						Tezcatlipoca, Xipe Totec	minor, fertility	
tlazolteotl	Tlazolteotl	Teteo Innan, Quetzalcoatl,	second	yes	Tlaelquani, Tlazolteotli, Ixcuina, Tlacolteutl, Teicu, Tiacapan, Tlaco, Tlahco, Tlazolcuani, Tlaculteotl, Xocotzin, Xucotzin, Caxxoch, Tlahui, Tlanzolteot, Ceolitzin, Ixcuinan, Tlahelcuani, Tlazolteocihuatl, Ixcuina, Ixcuiname	Itzpapalotl	Tzitzimime, Tlatecuhtli, Cihuateteo, Chimalma, Mayahuel, Coatlicue	Quetzalcoatl, Xolotl, Yappan	Centeotl, Xochiquetzal, Ixcuina, Huixtocihuatl	Coyolxauhqui, Teteo Innan	fertility, pleasure, magic, purity, filth, excess, disease, sex, woman, monster, moon	huaxteque
tlazopilli	Tlazopilli	Xipe Totec, Centeotl, Xochipilli	minor	wip						Xochipilli 	minor, flower, nature, fun	
tloque_nahuaque	Tloque Nahuaque	Ometeotl, Tezcatlipoca, primordial	main	yes	Tloqueh-Nahuaqueh, Tlaque-Nahuaque, Tloque, Tlaoque-Nahuaque, Teotloquehnahuaqueh, Tloquenahuaque, Ipalnemoa, Ipalnemoani	Tezcatlipoca				Tezcatlipoca, Ometeotl, Ometecuhtli, Omecihuatl	primordial, creation	Texcoco
tomiyauhtecuhtli	Tomiyauhtecuhtli	Tlaloc, Metztli complex, Mayahuel, Tlaloque, Ome Totchtli	minor	wip, problem	Tomiyauhteuctli, Tomiyauh, Tomiyauhtecuhtli	Patecatl, Mayahuel	Techalotl, Yauhtecatl, Tlaltecayoa, Ixquitecatl, Papaztec, Ixtlilton, Ome Totchtli, Macuil Tochtli, Tezcatzoncatl, Tepoztecatl, Tlaloque			Tlaloc, Ome Totchtli	rain, fertility, minor	Chinampaneca
tonacacihuatl 	Tonacacihuatl 	Ometeotl, primordial	main	yes				Tonacatecuhtli		Omecihuatl, Xochiquetzal, Tloque Nahuaque	primordial, celestial, creation	
tonacatecuhtli	Tonacatecuhtli	Ometeotl, primordial	main	yes	Tonacateuctli	Chantico		Tonacacihuatl 		Ometecuhtli, Cipactonal, Oxomoco, Tloque Nahuaque	fertility, nature, primordial, celestial, fate	Chichimec
tonatiuh	Tonatiuh	Tonatiuh, Huitzilopochtli, Quetzalcoatl, Xiuhtecuhtli	main	yes		Nanahuatzin, Tecciztecatl, Xolotl, Quetzalcoatl, Ehecatl	Huitzilopochtli, Tlaltecuhtli, Tlahuizcalpantecuhtli, Itztlacoliuhqui	Tlatecuhtli, Opochtli	Centeotl, Huitzilopochtli, Itztlacoliuhqui	Xiuhtecuhtli, Yohual Tonatiuh, Ixcozauhqui, Tzontemoc, Xochipilli, Nanahuatzin, Piltzintecuhtli, Centeotl, Quetzalcoatl, Tlatecuhtli, Tlalchi Tonatiuh, Mictlantecuhtli, Huitzilopochtli	sun, war, east, underworld, celestial	Chichimec, Teotihuacan, Mexico, Guatemala, Tenochtitlan
tzapatlantenen	Tzapatlan Tenen	Tlaloc	second	yes	Tzapotla Tena, Tzapotlatena, Zapotlantenan, Zapotlan Tenan						healing, minor, medicine	Tzalopan
tzitzimime	Tzitzimime	Teteo Innan, Mictlantecuhtli, spirits, Coatlicue, Cihuateteo, Tzitzimine	minor	wip	Tzitzimimeh, Tetzauhcíhuatl, Tezauhcihuame, Tzitzimitl	Tzitzimitl, Tlaltecuhtli, Coatlicue, Citlalicue, Itzpapalotl, Cihuateteo	Cihuateteo			Itzpapalotl	fertility, birth, death, evil	
tzitzimitl	Tzitzimitl	Teteo Innan, Mayahuel, Tzitzimine, spirit	second	yes	Tetzauhcihuatl,  Tezauhcihuame	Itzpapalotl 	Cihuateteo, Coatlicue, Citlalicue, Tzitzimitl		Tzitzimime		earth, night, fertility, primordial, alcohol	
tzontemoc	Tzontemoc	Mictlantecuhtli, Quetzalcoatl, Tonatiuh	minor	wip	Tzontemoctzin, Chalmecatl, Chalmecateuctli		Quetzalcoatl	Chalmecacihuatl 		Mictlantecuhtli, Tonatiuh	death, underworld, minor	mayan
uappatzin	Uappatzin	Huitzilopochtli	minor	wip, problem	Huappatzin	Huitzilopochtli 	Painal			Huitzilopochtli	pleasure, war, game	
xaman_ek	Xaman Ek	Yacatecuhtli	minor	wip						Yacatecuhtli	north, star, trade, minor	mayan
xilonen	Xilonen	Centeotl, Tlaloc, Tezcatlipoca 	second	yes (problem)	Xilonemin, Chicomecoatl, Chalchiuhcihuatl		Xochiquetzal, Huixtocihuatl	Tezcatlipoca 		Chicomecoatl, Chalchiuhtlicue, Centeotl	fertility, maize, minor	
xipe_totec	Xipe Totec	Xipe Totec, primordial, Mixcoatl, Quetzalcoatl, Huitzilopochtli, Tezcatlipoca 	main	yes	Tlatlauhqui Tezcatlipoca, Yopi,  Xipe-Totec-Tllatlauhquitezcatl, Tlatlauhqui Texcatl, Yohuallahuantzin, Oxipe, Teteucxipe, Tlacaxipehualiztli, Yohuallahuan, Yopih, Itzpapalotltotec, Tlatlauhqui-Tezcatlipoca, Tlatlauhcatezcatlipoca	Ometeotl, Ometecuhtli, Omecihuatl	Quetzalcoatl, Huitzilopochtli, Tezcatlipoca, Mixcoatl, Coyolxauhqui, Itzpapalotl	Chimalma		Tezcatlipoca, Mixcoatl, Camaxtli, Tlatlauhqui Tezcatlipoca, Centeotl, Chiconahui Ehecatl, Itztapaltotec	primordial, fertility, craft, rebirth, trade, war, east, sacrifice, west, youth, male, love	yopihmeh, Guerrero, Oaxaca
xiuhcoatl	Xiuhcoatl	Xiuhtecuhtli. Huitzilopochtli	second	yes		Huitzilopochtli, Xiuhtecuhtli				Xiuhtecuhtli	sun, fire	
xiuhtecuhtli	Xiuhtecuhtli	Xiuhtecuhtli, Yacatecuhtli, primordial, Ometeotl, Teteo Innan, Mictlantecuhtli, Mixcoatl, Tlaloc, Tezcatlipoca, Huitzilopochtli	main	yes	Xiuhteuctli, Tlalxictentica, Milintoc, Xiuhtototl, Ybebeyoban, Nauhyoteuctli, Nauhyoueye, Huehueteotl, Otonteuctli, Xocotl, Nauhyohuehue, Tlalxictenticah, Xippilli, Xippil, Cuecaltzin, Huehuetiliztli, Viveteutl, Nauhyoteuctli	Ometeotl, Ometecuhtli, Omecihuatl	Mictlantecuhtli, Xochipilli, Tlahuizcalpantecuhtli, Mixcoatl, Itzpapalotl, Coyolxauhqui	Chantico, Chiconahui Itzcuintli, Acuecucyoticihuati, Xochiquetzal, Teteo Innan, Chalchiuhtlicue		Yohualtecuhtli, Ixcozauhqui, Inta, Ilhuicamina, Coyotlinaual, Ahkinshok, Xiuhcoatl, Ixtlilton, Tezcatlipoca, Huitzilopochtli, Otontecuhtli, Huehuecoyotl, Yacatecuhtli, Ometecuhtli, Tonatiuh, Huehueteotl	primordial, fire, earth, time, sacrifice, war, trade	Otomis
xiuhtlati	Xiuhtlati	Yacatecuhtli	minor	wip	Xiuhtlatih		Coyotlinaual			Yacatecuhtli	trade, travel, minor	Amanteca
xochipilli 	Xochipilli 	Centeotl, Tlaloc, Mayahuel	second	yes	Xochipili, Chicomexochitl, Macuil Xochitl, Piltzintecuhtli-Tonatiuh, Papaloxahual-Xochipilli, Xochipilli-Centeotl, Xochiquetzal		Xochiquetzal	Mayahuel, Xochiquetzal	Macuil Xochitl, Macuil Tochtli, Macuil Malinalli, Macuil Cuetzpalin, Macuil Cozcacuahtli 	Xochiquetzal, Tlaloc, Centeotl, Xiuhtecuhtli, Macuil Xochitl, Tonatiuh, Tezcatlipoca, Macuiltonal	art, fertility, pleasure, excess, dance, game, education, love, summer, rain, lust	Xochimilco
xochiquetzal	Xochiquetzal	Mixcoatl, Centeotl, Tlaloc	second	yes	Xochiquetzalli	Xolotl, Tlazolteotl, Quetzalcoatl, Huitzilopochtli	Xochipilli, Huixtocihuatl, Macuil Xochitl	Tlaloc, Tezcatlipoca, Centeotl, Xiuhtecuhtli, Mixcoatl, Piltzintecuhtli, Quetzalcoatl, Xochipilli	Macuil Xochitl, Macuil Tochtli, Macuil Malinalli, Macuil Cuetzpalin, Macuil Cozcacuahtli 	Xochipilli	pleasure, craft, nature, arts, excess, love, sex, craft, trade, fertility, house, birth, game	
xolotl	Xolotl	Quetzalcoatl, Mictlantecuhtli, Teteo Innan	second	yes	Xolotol	Coatlicue	Tlahuizcalpantecuhtli, Quetzalcoatl	Xochiquetzal, Cuaxolotl		Quetzalcoatl, Cuaxolotl 	animal, death, disease, lightning, underworld, game, north, celestial, rebirth, food, luck, fate, fire, magic	
yacapitzahuac	Yacapitzahuac	Yacatecuhtli, Quetzalcoatl	minor	wip	Yacapitzaoc		Cochimetl			Yacatecuhtli	trade, minor, travel	
yacatecuhtli	Yacatecuhtli	Yacatecuhtli, Quetzalcoatl	second	yes	Yactecuhtli, Yiacatecutli, Yacacoliuhqui, Ollohqueh, Iyahcateuctli, Yacapitzahuac, Tacatecutli, Ek Chuah, Ekchuah	Xiuhtlati, Macuil Tochtli, Macuil Ocelotl, Coyotlinaual, Tepoztecatl, Nappatecutli, Xochiquetzal, Tzapatlan Tenen, Itztapaltotec, Centeotl, Otontecuhtli, Xiuhtlati, Xaman Ek, Tlacotzontli, Ixcozauhqui, Coyotlinaual, Cochimetl, Amimitl, Titlacahuan, Huixtocihuatl, Acxomocuil	Cochimetl, Yacapitzahuac, Xolotl, Chalmecacihuatl			Macuil Tochtli, Macuil Ocelotl, Coyotlinaual, Tepoztecatl, Nappatecutli, Xochiquetzal, Tzapatlan Tenen, Itztapaltotec, Centeotl, Otontecuhtli, Xiuhtlati, Xaman Ek, Tlacotzontli, Ixcozauhqui, Coyotlinaual, Cochimetl, Amimitl, Huehuecoyotl, Quetzalcoatl, Titlacahuan, Huixtocihuatl, Acxomocuil, Xiuhtecuhtli, Tezcatlipoca, Mixcoatl	travel, trade, war	nahua
yaotl	Yaotl	Tezcatlipoca, monster	minor	wip, problem	Yaotl de Huitznahuac, Yaotl de Tlacochcalco					Tezcatlipoca	war, scorpion, monster, animal, minor	
yauhqueme	Yauhqueme	Tlaloc, tlaloque	minor	wip	Iyauhquemeh		Tlaloque			Tlaloc	fertility, rain, minor	Tacubaya
yauhtecatl	Yauhtecatl	Metztli complex, Xipe Totec, Mayahuel, Centzon Totochtin	minor	yes (problem)	Iyauhtecatl, Yohualtecatl	Patecatl, Mayahuel	Tomiyauhtecuhtli, Techalotl, Yauhtecatl, Tlaltecayoa, Colhuacatzincatl, Ixquitecatl, Papaztec, Ixtlilton, Ome Totchtli, Macuil Tochtli, Tezcatzoncatl, Tepoztecatl				pulque, alcohol	
yayauhqui_tezcatlipoca	Yayauhqui Tezcatlipoca	Tezcatlipoca	minor	wip	Yaotl					Tezcatlipoca	minor	
yohual_tonatiuh	Yohual Tonatiuh	Tonatiuh, Tezcatlipoca	minor	wip	Yohualtonatiuh					Tonatiuh, Tezcatlipoca	sun, minor	
yohualtecuhtli	Yohualtecuhtli	Mictlantecuhtli, Tezcatlipoca, Quetzalcoatl, Mixcoatl, Xiuhtecuhtli, Celestial	minor	wip, problem	Yohualteuctli					Tezcatlipoca, Mixcoatl, Xiuhtecuhtli, Piltzintecuhtli, Mictlantecuhtli, Quetzalcoatl	underworld, minor	
yohualticitl	Yohualticitl	Tlaloc, Chalchiuhtlicue	second	yes			Chicomecoatl, Chalchiuhtlicue, Huixtocihuatl, Tlaloque			Chicomecoatl, Chalchiuhtlicue, Huixtocihuatl	night, birth, children, cooking, child, purity, clean, food, life	
youaltepuztli	Youaltepuztli	Tezcatlipoca	minor	wip						Tezcatlipoca	death, night, monster, soul	
zacazontli	Zacazontli	Yacatecuhtli	minor	wip	Zacatzontli					Yacatecuhtli	trade, travel, minor	