ID	Name	Text	type	Main 	Second	Illustration	Other names or spelling	Submission relationship (son/daughter of OR killed by)	Equal relationship (sister/brother OR cooperation/help from)	Equal relationship + Union (Married to, sexual relation with)	Authority on (father/mother of OR killed)	Aspects (other gods that can change into or him/her or share similar domains)	Keywords		Localisation. "()" = non aztec origin
acxomocuil	Acxomocuil	God of merchants, pulque and sex. Like Tezcatlipoca, he's represented with a snake in place of his foot.	secondary		yacatecuhtli, tezcatlipoca	yes	Xomocuil					Tezcatlipoca, Yacatecuhtli	trade, wine, alcohol, sex		
ahuitzotl	Ahuitzotl	Mix between an otter, a monkey and a dog. He was feared due to his liking of human flesh, especially nails, eyes and teeth. He used the hand on his tail to drown fishermen.	secondary		tlaloc	yes		Tlaloc				Tlaloc	water, nature, monster, dog, monkey, animal, beaver, otter		
amapan	Amapan	Patron deity of tlachtli, an aztec game where the ball represented the sun. Servant of Huitzilopochtli, is also associated with warfare.	secondary		huitzilopochtli	yes		Huitzilopochtli 	Painal			Huitzilopochtli	pleasure, war, game		
amimitl	Amimitl	Patron deity of the Otomi's city of Cuitlahuac, he's a minor god of lakes and fish hunters and aspect of Mixcoatl.	secondary		mixcoatl, yacatecuhtli, huitzilopochtli	yes	Amhimitl, Opochtli	Mixcoatl	Atlaua, Opochtli			Opochtli, Mixcoatl, Huitzilopochtli	water, hunting, fish, fishing, food		Cuitlahuac (actual Tláhuac) una isla del lago Chalco, Chichemec god
atlacoya 	Atlacoya 	Goddess of drought and barren land, associated with the worship of pulque. She represents austerity and despair.	secondary		tlaloc	yes	Atlcahualo					Chalchiuhtlicue	water, death, pulque, alcohol, fertility		
atlaua	Atlaua	Minor god of the domesticated aquatic flow who protects fishermen and archers. His nahual is the quetzal bird.	secondary		mixcoatl, quetzalcoatl, tlaloc	yes	Atlahua, Ahtlahuah					Quetzalcoatl, Tlaloc, Mixcoatl	water, hunting, sacrifice, south, fish, arrows, weapon, death		dieu de la guerre des Huexotzinca et des Tlaxcalteca
ayauhteotl	Ayauhteotl	Goddess of nightime, early morning mist and smoke, she's also associated with fame, infamy and vanity.	secondary		tlaloc	yes	Ayauh					Chalchiuhtlicue	night, pleasure, sin, excess, dark, fame, glory		
azcatl	Azcatl	Red ant which helped Quetzalcoatl to give maize, hidden inside a mountain, to feed the gods and humankind.	secondary		quetzalcoatl	yes			Quetzalcoatl				nature, animals, fertility, ant, food, maize, earth		
camaxtli	Camaxtli	Tlaxcaltec creator god of hunting, war, fire, fate and hope. His cult merged with Huitzilopochtli	secondary		mixcoatl, huitzilopochtli, ometeotl, xipe totec	yes	Yemaxtli, Tlaclau-queteztzatlipuca, Camaxtle, Tlatlauhca	Tonacatecuhtli				Mixcoatl, Xipe Totec, Huitzilopochtli	war, hunting, fire, fate, hope, sun, primordial, celestial, night		Chichimeque, Huexotzingo, Tlaxcala, Tlaxcaltecas
centeotl	Centeotl	Olmec, Totonac and mayan god of fertility. Gender-fluid entity revered by maize farmers but also midwives.	secondary		mayahuel, tlaloc, quetzalcoatl, xipe totec, tlaltecuhtli, huitzilopochtli, xochiquetzal	yes	Cinteotl, Centeocihuatl, Centeal, Centeotltecutli, Cexochitl, Icnopiltzin, Tlatlauhquicenteotl, Tonacajoha, Tonacayohua, Tzinteotl, Xoxouhquicenteotl, Civeles, Temazcalteci. ToNantzin, Cinteotle, Centeocihuati, Cinteotlcihuatl, Cintéotltecuhtli, Cinteohuatl, Cintecutli, Iztaccenteotl	Tlazolteotl, Piltzintecuhtli, Xochiquetzal, Xochipilli, Teteo Innan	Tlazolteotl, Chicomecoatl	Chicomecoatl, Xochiquetzal, Xochiquetzal		Tlaloc, Chicomecoatl, Quetzalcoatl, Xipe Totec	fertility, maize, medecine, birth, food, alcohol, pulque, celestial, dance, music, excess, art, sport, fun, herbs, trade		Olmeque, maya, totonaque
centzon_huitznahua	Centzon Huitznahua	Southern star gods. With Coyolxauhqui, their sister, they tried to kill their mother, Coatlicue. Huitzilipochtli massacred them, symbolising the sunrise and the disappearance of the stars.	secondary		tlaltecuhtli, huitzilopochtli, ometeotl	yes	Centzon Huitznauhtin, Centzonuitznaua, Centzon Huitznahuac, Centzonhuitznahua, Cuahuitlicac, Quauitlicac	Coatlicue, Ometeotl	Coyolxauhqui, Huitzilopochtli				celestial, star, moon, sun, night, south		
centzon-totochtin	Centzon Totochtin	Gods of pulque, drunknness and fertility, known for their frequent parties. There 400 of them, a synonym of infinity.	secondary		mayahuel, huitzilopochtli, tlaltecuhtli	yes	Totochtin	Patecatl, Mayahuel, Coatlicue, Tepoztecatl	Tomiyauhtecuhtli, Techalotl, Yauhtecatl, Tlaltecayoa, Ixquitecatl, Papaztec, Ixtlilton, Ome Tochtli, Macuil Tochtli, Tezcatzoncatl, Tepoztecatl, Coyolxauhqui, Huitzilopochtli				pulque, pleasure, excess, alcohol, animal, rabbit		
chalchiuhtecolotl 	Chalchiuhtecolotl 	Night owl god with fire eyes. Associated with magic and sorcery, he's an aspect or nahual of Tezcatlipoca.	secondary		tezcatlipoca, mictlantecuhtli	yes	Tlacatecolotl	Tezcatlipoca, Mictlantecuhtli 	Techlotl			Tezcatlipoca, Mictlantecuhtli 	death, night, animals, magic, sorcery, owl		
chalchiuhtlatonac 	Chalchiuhtlatonac 	Aspect of the water goddess Chalchiuitlicue, which means "She who shines like jade". She's also a protectof for midwives.	secondary		tlaloc, xochiquetzal	yes						Xochipilli, Chalchiuhtlicue	water, fertility, sea, birth		Toltec
chalchiuhtlicue	Chalchiuhtlicue	Goddess of water, especially running streams, lakes and ocean. Married to Tlaloc (who control the rain from the sky), she's also a patron of birth	secondary		tlaloc, ometeotl, xochiquetzal, xiuhtecuhtli, mayahuel	yes	Chalciuhtlicue, Chalchihuitlicue, Chalchiuhcueyeh, Chalchihcueye, Xalxitlikue, Xoxouhqui Ihuipil, Xoxouhqui Icue, Chalchiuh Tlatonac, Chicomecóatl, Chalchiuhicueye, Chalchiuhtlicue, Atl, Matlalcueye, Xixiquipilihui, Matlolcueitl, Chalchiuhtlatonac 	Ometecuhtli, Omecihuatl, Ometeotl	Itzaccihuatl, Nappatecuhtli, Chicomecoatl, Yohualticitl, Huixtocihuatl, Xilonen, Xochiquetzal, Chalchiuhtlatonac	Tlaloc, Xiuhtecuhtli	Huixtocihuatl, Tecciztecatl, Tlaloque, Nappatecuhtli, Yauhqueme, Tecciztecatl, Opochtli, Tomiyauhtecuhtli, Nappatecutli, Huixtocihuatl, Ahuitzotl	Chalchiuhcihuatl, Ayopechcatl, Matlalcueitl, Itzaccihuatl, Acuecucyoticihuati, Centeotl, Yohualticitl, Xilonen, Huixtocihuatl, Ayauhteotl, Atlacoya, Chicomecoatl 	nature, fertility, water, rain, storm, birth, travel, sea, trade		Tezcoco
chalchiutotolin	Chalchiutotolin	God of pestilence, disease, disorder, chaos and mystery. This aspect of Tezcatlipoca, depicted as a turkey, cleanse the humans of contamination, absolve them of guilt, and help them to overcome their fate.	secondary		tezcatlipoca, quetzalcoatl, mayahuel	yes	Chalchihuihtotolin	Tezcatlipoca, Quetzalcoatl	Ahuiateteo 			Tezcatlipoca	illness, death, disorder, chaos, fate, magic, disease, destruction, evil, animal		
chalmecacihuatl 	Chalmecacihuatl 	Minor goddess of the underworld and sacrifices and wife of Tzontemoc or Chalmecatecuhtli. She can be depicted as a massive snake guarding the Mictlan.	secondary		mictlantecuhtli, yacatecuhtli, tlaltecuhtli, ometeotl	yes	Chalmecacihuilt, Chalmeccacihuatl, Chalmecatl, Chalmecatecuchtli, Chachalmecacihuatl, Chalmeca ciuatl		Yacatecuhtli, Coyotlinaual	Tzontemoc, Chamecatecuhtli		Mictlancihuatl, Tlazolteotl, Omecihuatl	death, underworld, sacrifice		mayan, Tenoch
chamecatecuhtli	Chamecatecuhtli	God of sacrifice, ruler of one of the nine levels of the underworld. He is closely related to Mictlantecuhtli 	secondary		mictlantecuhtli, ometeotl	yes				Chamecacihuatl		Ometecuhtli, Mictlantecuhtli,	death, underworld, sacrifice		
chantico	Chantico	Goddess of hearth, volcanic fires and personal treasure, she's also a patron of goldsmiths. She was transformed into a dog by Tonacatecuhtli fo breaking fast during a religious celebration.	secondary		tlaltecuhtli, xiuhtecuhtli, ometeotl, quetzalcoatl	yes	Chicomexochitl, Chalchiuhcihuatl, Xantico	Tonacatecuhtli		Xiuhtecuhtli	Xolotl	Coatlicue	nature, fertility, war, fire, gold, trade, animal		Xochimilco
chicomecoatl 	Chicomecoatl 	Depicted as a young girl, she's a goddess of nourishment and agriculture, especially maize and peas.	secondary		tlaloc, huitzilopochtli, mayahuel, tezcatlipoca	yes	Chiutcoatl, Chicomeccatl, Chicomexochitl, or Chalchiuhcihuatl, Xilonen, Chicomolotzin, Chicomecohuati, Chicome Coatl		Tlaloc, Huitzilopochtli	Tezcatlipoca, Centeotl	Tezcatlipoca	Centeotl, Xilonen, Chalchiuhtlicue	fertility, maize, food, wealth, sacrifice		Valley of Mexico
chiconahui_itzcuintli	Chiconahui Itzcuintli	Goddess of gem makers, associated with Chantico and Xiuhtecuhtli.	secondary		xiuhtecuhtli, yacatecuhtli	yes	Tloxipeuhca, Chicoahui Itzcuintli-Chantico, Chiucnahui itzcuintli, Tlappapalo, Papaloxahual			Xiuhtecuhtli		Chantico, Yacatecuhtli	lapidary, stone, death		
chimalma	Chimalma	Fertility goddess, patron of life and death. She's one of the mother of Quetzalcoatl and wife of Mixcoatl who accompanied the Azteca from Aztlan.	secondary		tlaltecuhtli, mixcoatl, quetzalcoatl, huitzilopochtli	yes	Chimalman, Chimamatl	Huitzilopochtli, Tlaltecuhtli	Coatlicue	Mixcoatl	Quetzalcoatl, Coatlicue		fertility, life, death, rebirth, birth, primordial, youth, purity		Tolteque ?
cihuateteo	Cihuateteo	Spirits of high-ranking women who've died during childbirth. They accompanied the sun from noon till sundown. Feared, they are also associated with lust and filth.	secondary		tlaltecuhtli, huitzilopochtli, tezcatlipoca, mayahuel	yes	Cituateteo, Civatateo, Chiuateteto, Cihuapipiltin, Cihuateteoh	Coatlicue, Tezcatlipoca, Itzpapalotl, Tlazolteotl 	Tzitzimitl, Cihuatecayotl, Tzitzimime, Tlazolteotl, Coatlicue, Tlaltecuhtli, Chimalma, Mayahuel	Ahuiateteo, Macuil Cozcacuahtli, Macuil Cuetzpalin, Macuil Malinalli, Macuil Ocelotl, Macuil Tochtli, Macuil Tochtli, Macuil Xochitl, Cihuapipiltzin		Coatlicue	child, death, birth, spirits, west, fertility		
cipactli	Cipactli	Primordial earth, symbolised by a monstruous caiman. Tezcatlipoca and Quetzalcoatl dismembered it to create the earth and sky. It's also a guardian of one of the levels of Mictlan.	secondary		tlaltecuhtli, mictlantecuhtli, tezcatlipoca, quetzalcoatl	yes	Xochitonal	Quetzalcoatl, Tezcatlipoca				Tlaltecuhtli	earth, animal, primordial, monster, underworld, death, dark		
cipactonal	Cipactonal	First man of the fifth sun created by Quetzalcoatl. Inventor of astrology and calendars, he also represents the sun.	secondary		ometeotl, xipe totec, tezcatlipoca, quetzalcoatl, huitzilopochtli	yes	Icozauqui, Cipactli	Ometeotl, Xipe Totec, Tezcatlipoca, Quetzalcoatl, Huitzilopochtli		Oxomoco	Piltzintecuhtli		celestial, science, magic, primordial, time, food, fertility, astrology, sun, day, sky		tolteque
citlalatonac	Citlalatonac	Creator of the stars who lives in the second level of Aztec heaven with his consort, Citlaticue. 	secondary		tlaltecuhtli, ometeotl	yes				Citlalicue		Ometecuhtli 	celestial, primordial, star, night, sky		
citlalicue	Citlalicue	Creator goddess of the Milky Way, stars, death, darkness and Earth. Lives in the second level of Aztec heaven with Citlalatonac.	secondary		tlaltecuhtl, ometeotl	yes	Citlalinicue, Citlalmina			Citlalatonac		Omecihuatl, Ometeotl 	celestial, primordial, night, star, earth, death, dark		
coatlicue	Coatlicue	Creator goddess of earth, fire, stars of the southern sky and birth. Depicted as a woman wearing a skirt of snakes, with sharp claws, as she was thirsty for sacrifices. Mother of Huitzilopochtli, she's also the inspiration of the "weeping woman" in mexican folklore.	secondary		tlaltecuhtli, mixcoatl, ometeotl, huitzilopochtli, mayahuel, quetzalcoatl, mayahuel, tlaloc, xochiquetzal	yes	Llamateuctli, Coatlantonan, Koatlikueitl, Tēteoh īnnān, Teteto Inan, Toci, Cihuacoatl, Tonantzin, Yohuatlicue, Chihucoatl, Ciucoatl, Chiuacoatl, Quilaztli, Huitzilincuatec, Tititl, Yaocihuatl, Tonantzin, Toci, Teteto Innan, Coatlicue, Quilaztli, Coacihuatl, Coatlan Tenan, Cuauhcihuatl, Tzitzimicihuatl, Cihuacohuatl, Cuaucihuatl, Teoyaominqui, Teoyaotlatohua, Teoyaomqui, Chicomexochitl ou Chalchiuhcihuatl	Itzpapalotl	Huitzilopochtli, Tzitzimime, Tlazolteotl, Tlaltecuhtli, Cihuateteo, Chimalma, Mayahuel	Mixcoatl, Huehuecoyotl, Quetzalcoatl	Coyolxauhqui,  Cihuateteo, Mixcoatl, Quetzalcoatl, Xolotl, Centzon Huitznahua, Huitzilopochtli, Citlalicue	Ilamatecuhtli, Itzaccihuatl, Huixtocihuatl, Chalchiuhtlicue, Quilaztli, Ixnextli, Ilancueye, Cihuateteo, Tlazolteotl, Mayahuel, Xilonen, Chimalma, Itzpapalotl, Xochiquetzal, Omecihuatl, Coyolxauhqui, Teteo Innan, Chalchiuhcihuatl	fertility, nature, fire, earth, celestial, death, primordial, rebirth, sacrifice, trade, war, child, birth, violence, moon, celestial, midwives, purity		Chalmeques, Xochimilcas, Chichimeques
coyolxauhqui	Coyolxauhqui	Earth goddess who tried to kill Coatlicue. Her head was tossed in the sky by his brother, Huitzilopochtli, and became the moon, which represent cowardice for Aztecs..	secondary		xiuhtecuhtli, tlaltecuhtli, huitzilopochtli, xipe totec, ometeotl, mixcoatl	yes	Coyolxanuhqui 	Coatlicue, Mixcoatl, Ometeotl	Centzon Huitznahua,  Huitzilopochtli			Tlazolteotl	celestial, earth, star, moon		
cuaxolotl 	Cuaxolotl 	Goddess of the hearth who gave birth to twins, as she wears a mask on the back of her head. She's the female counterpart of Xolotl and an aspect of Chantico.	secondary		quetzalcoatl	yes						Xolotl, Chantico	home, child, underworld, birth		
ehecatl	Ehecatl	Nagual of Quetzalcoatl which represents the west winds that bring rain. His breath helped to move the sun.	secondary		quetzalcoatl, tlaloc, tezcatlipoca, xiuhtecuhtli	yes	Ehcatl		Tlaloc, Quetzalcoatl	Mayahuel	Tecciztecatl	Quetzalcoatl, Tezcatlipoca	earth, wind, nature, celestial, science, primordial, love, pleasure, fertility		
huehuecoyotl	Huehuecoyotl	Trickster and shapeshifter god, associated both with wildness and wisdom, lust and arts, especially dance and music. He was also a guide in Mictlan.	secondary		xiuhtecuhtli, tezcatlipoca, mictlantecuhtli, xipe totec, tlaltecuhtli, quetzalcoatl, yacatecuhtli	yes	Ueuecoyotl, huehuehcoyotl		Xolotl, Ilamatecuhtli, Teteo Innan, Xipe Totec			Tezcatlipoca, Yacatecuhtli, Xiuhtecuhtli	animals, arts, nature, trickster, chaos, music, wild, pleasure, excess		
huehueteotl	Huehueteotl	Other aspect or name of Xiuthecuhtli, he's a fatherly figure and ancien god of hearth, the fire of life, and time.	secondary		xiuhtecuhtli, tlaloc, ometeotl	yes	Ueueteotl, Hiuhtecuctli, Ixcozauhqui, Cuezaltzin, Huehueteotl, Tata, Huehuetzin, Huehuetecutli, Huehuehteotl			Chalchiuhtlicue		Xiuhtecuhtli, Ometeotl	fire, celestial, primordial, north, celestial, time, trade		Otomi
huitzilopochtli	Huitzilopochtli	God of war, thunderstorms, fire and sun. He's the original deity of the nomadic tribe of Mexica, also known as Aztecs. He was a warrior who need blood to win his battle against darkness.	creation	yes	yacatecuhtli, mixcoatl, tezcatlipoca, quetzalcoatl, xipe totec, ometeotl, tlaltecuhtli, mayahuel, huitzilopochtli, tlaloc	yes	Uitzilopochtli, Mextli, Mexitl, Inaquizcaotl, Mezitl, Omiteotl-Inaquizcaotl, Tetzauhteotl, Tetzahuitl, Yaotecuhtli, Yaotzin, Vitzilopuchtl, Mexih	Coatlicue, Mixcoatl, Ometeotl, Ometecuhtli, Omecihuatl, Teteo Innan, Tonatiuh	Malinalxochi, Chicomecoatl, Tlaloc, Centzon Totochtin, Tonatiuh, Tlaltecuhtli, Xolotl, Quetzalcoatl, Tezcatlipoca, Xipe Totec, Centzon Huitznahua, Coyolxauhqui, Coatlicue		Opochtli, Chimalma, Painal, Xiuhcoatl, Amapan, Uappatzin	Tetzahauteotl, Chiconahui Ehecatl, Amimitl, Patecatl, Painal, Opochtli, Ixtlilton, Tonatiuh, Tezcatlipoca, Camaxtli	war, fire, sun, storm, primordial, sacrifice		tribal god of the Mexica of Tenochtitlan, Mayan ?
huixtocihuatl	Huixtocihuatl	Fertility goddess of ocean who discovered salt. Could be a daughter or an aspect of Chalchiuhtlicue	secondary		tlaloc, yacatecuhtli, tezcatlipoca, tlaltecuhtli, xochiquetzal	yes	Uixtocihuatl, huixtohcihuatl	Tlaloc, Chalchiuhtlicue	Tlaloc, Chalchiuhtlicue, Xochiquetzal, Xilonen	Tezcatlipoca		Chalchiuhtlicue	fertility, nature, ocean, sea, water, salt, food, trade		Olmeque
ilamacihuatl	Ilamacihuatl	"Lady of Creation". Goddess of weavers, her roar signalled war. She's the elderly version of Chicomecoatl and associated with earth, death, and the milky way	secondary		tlaltecuhtli, xochiquetzal, ometeotl	yes			Ilamatecuhtli			Coatlicue, Chicomecoatl, Xilonen, Xochiquetzal, Omecihuatl	death, earth, celestial, war, craft, primordial, old		
ilamatecuhtli 	Ilamatecuhtli 	"Lord of Creation". Another nagual of Ometecuhtli	secondary		ometeotl	yes	Ilamatecutli		Ilamacihuatl			Ometecuhtli 	death, earth, celestial, war, craft, primordial, old		
ilancueye	Ilancueye	One the several minor divinities of maize. She represented the withering corn husk surrounding a dried out maize cob	secondary		tlaltecuhtli, mayahuel	yes	Ilancueitl				Centeotl	Teteo Innan, Coatlicue	maize, fertility		
itzaccihuatl	Itzaccihuatl	Representation of the great white mountain Iztactepetl, she's a mountain goddess, guardian of animals needed for food. Mexica affected by blindness would worship her. 	secondary		mixcoatl, tlaloc, tlaltecuhtli	yes	Iztaccihuatl, Iztac tepetl, Iztactepetl		Tlaloque			Chalchiuhtlicue, Mixcoatl, Coatlicue	hunt, animal, nature, earth, animal, mountain, disease, healing		
itzcuintli  	Itzcuintli  	Sacred dog which guided the dead through Mictlan and guardian of home. This breed of hairless dog still actually exists.	secondary		mictlantecuhtli	yes	Itzcutintli					Mictlantecuhtli	death, animal, home, monster		
itzpapalotl	Itzpapalotl	Aztec goddess of sacrifice, associated with earth and fertility, who rules Tomoanchan, and leader of Cihuateteo and Tzitzimime. Her nahual is the butterfly, a manifestation of the dead souls	secondary		tlaltecuhtli, mixcoatl, mayahuel, tezcatlipoca	yes	Itzpapalotlcíhuatl, Itzcueye	Tzitzimime, Tlazolteotl, Tlatecuhtli, Cihuateteo, Chimalma, Mayahuel, Coatlicue		Mixcoatl, Itztlacoliuhqui 	Mixcoatl, Cihuateteo, Tzitzimitl	Teteo Innan	night, earth, fertility, fire, animals, hunting, sacrifice, pleasure, lightning, magic		Chichimeque
iztapaltotec 	Itztapaltotec 	Minor god of Agriculture and fertility, nagual of Xipe Totec, but also a patron of precious metallurgists. He's probably related to Itztli, who is also depicted as a personified knife. 	secondary		xipe totec, yacatecuhtli, tlaltecuhtli	yes	Itztapal Totec, Iztapaltotec		Itzpapalotl			Xipe Totec	earth, fertility, craft		
itztlacoliuhqui	Itztlacoliuhqui	Blind god of justice and punishment, associated with stone, cold and obsidian. Associated with night and north, he's a variant of Tezcatllipoca.	secondary		tezcatlipoca, mictlantecuhtli, mayahuel, huitzilopochtli, tlaltecuhtli	yes	Itztlacoliuhqui-Ixquimilli,  Itzlacohuihqui, Itzlacoliuhqui, Itzlacoliuhque, Ixquimilli, Iztacoliuhqui	Tonatiuh	Tlahuizcalpantecuhtli, Centeotl	Itzpapalotl		Tlahuizcalpantecuhtli, Tezcatlipoca, Mictlantecuhtli	earth, stone, cold, justice, celestial, north, night, destruction		mayan (Xibalba city of Mictlan)
itztli	Itztli	God of sacrifice and the sacred obsidian stone knives used for ritual slaying. Servant of Tezcatlipoca	secondary		tezcatlipoca 	yes	Itzli	Tezcatlipoca	Itztlacoliuhqui, Ixquimilli			Tezcatlipoca	death, earth, sacrifice		
ixcuina	Ixcuina	Goddess of coton, associated, like her sisters, to sex and filth.	secondary		Tlaltecuhtli	yes	Ixcuiname, Ixcuinan,Tlaelcuani, Tlazolteteoh, Ixcuina					Tlazolteotl	nature, fertility, sex, excess, pleasure, filth		
ixnextli	Ixnextli	Goddess of weavers and aspect of Xochiquetzal when she was exepelled from paradise.	secondary		tlaltecuhtli, xochiquetzal, xiuhtecuhtli, 	yes			Huehuecoyotl 			Xochiquetzal	fertility, nature, trade		
ixquimilli	Ixquimilli	God of darkness, justice and punishment. Protectors of the sorcereres., he was linked to both Itztlacoliuhqui and Tezcatlipoca.	secondary		tezcatlipoca 	yes			Itztlacoliuhqui			Tezcatlipoca, Tlahuizcalpantecuhtli, Itztlacoliuhqui	night, war, magic, justice, cold, stone		Toltec
ixtlilton	Ixtlilton	God of healing, dancing, festival and games. He played a role similar to the Sandman. Worshipped both as a agricultural and sexual god.	secondary		xiuhtecuhtli, huitzilopochtli, mayahuel, xochiquetzal	yes, problem	Ixtlilxochitl, Tlaltetecuin, Ixtliltzin, Ixtliton, Chicahualiztéotl 	Huitzilopochtli, Patecatl, Mayahuel	Tomiyauhtecuhtli, Techalotl, Yauhtecatl, Tlaltecayoa, Ixquitecatl, Papaztec, Ixtlilton, Ome Tochtli, Macuil Tochtli, Tezcatzoncatl, Tepoztecatl, Xochipilli			Xiuhtecuhtli	healing, pleasure, child, pulque, fire, science, medecine, game, fun, alcohol, fire, fertility, rain, sex		
macuil_cozcacuahtli 	Macuil Cozcacuahtli 	One of the five gods of excess and pleasure, like drinking, gambling or sex. They represents the danger or overindulgence.	secondary		mayahuel	yes	Macuilcozcacuauhtli, Macuil-Cozcacuahtli 	Mayahuel, Patecatl	Macuil Xochitl, Macuil Tochtli, Macuil Malinalli, Macuil Cuetzpalin, Macuil Cozcacuahtli 				pleasure, excess, gambling, sex, south, pulque		
macuil_cuetzpalin 	Macuil Cuetzpalin 	One of the five gods of excess and pleasure, like drinking, gambling or sex. They represents the danger or overindulgence.	secondary		mayahuel	yes	Macuilcuetzpalin	Mayahuel, Patecatl	Macuil Xochitl, Macuil Tochtli, Macuil Malinalli, Macuil Cozcacuahtli 				pleasure, excess, gambling, sex, south, pulque		
macuil_tochtli	Macuil Tochtli	One of the five gods of excess and pleasure, like drinking, gambling or sex. They represents the danger or overindulgence.	secondary		mayahuel, huitzilopochtli, yacatecuhtli	yes	Macuiltochtli 	Mayahuel, Patecatl	Tomiyauhtecuhtli, Techalotl, Yauhtecatl, Tlaltecayoa, Ixquitecatl, Papaztec, Ixtlilton, Ome Tochtli, Macuil Xochitl, Tezcatzoncatl, Tepoztecatl, Macuil Tochtli, Macuil Malinalli, Macuil Cuetzpalin, Macuil Cozcacuahtli				pleasure, excess, gambling, sex, south, war, death, pulque		
macuil_xochitl	Macuil Xochitl	One of the five gods of excess and pleasure, like drinking, gambling or sex. They represents the danger or overindulgence.	secondary		mayahuel, xochiquetzal, xiuhtecuhtli	yes		Xochipilli, Xochiquetzal	Macuil Tochtli, Macuil Malinalli, Macuil Cuetzpalin, Macuil Cozcacuahtli, Ixtlilton, Tomiyauhtecuhtli, Techalotl, Yauhtecatl, Tlaltecayoa, Ixquitecatl, Papaztec, Ixtlilton, Ome Tochtli, Tezcatzoncatl, Tepoztecatl, Xochiquetzal	Mayahuel		Xochiquetzal, Xochipilli, Centeotl, Ixtlilton, Huehuecoyotl	pleasure, music, art, dance, gambling, nature, excess, game		
malinalxochi	Malinalxochi	Underworld sorceress or goddess of snakes, scorpions and insects of the desert. Trying to slow down the journey of his half brother, Huiztilopochtli, and his people, she's abandonned and founded the city of Malinalco.	secondary		mixcoatl, mictlantecuhtli, huitzilopochtli, ometeotl, tlaltecuhtli, tezcatlipoca	yes	Matlalcueje, Masaya, Malinalxochi, Malinalxochitl	Coatlicue, Mixcoatl, Ometeotl, Tonatiuh, Mictlantecuhtli	Huitzilopochtli, Centzon Huitznahua			Tezcatlipoca	magic, animal, earth, underworld		Malinalco
mayahuel	Mayahuel	Goddess of the maguay plant and all his by-products, especially pulque. Said to have 400 breasts to nurture her children, she gave love to manking with her romance with Quetzalcoatl.	human	mayahuel	tlaltecuhtli, quetzalcoatl, xochiquetzal	yes	Mayahual, Mayouel, Tezcacoac	Tzitzimitl	Tlazolteotl, Ehecatl, Tepoztecatl	Patecatl, Xochipilli, Quetzalcoatl, Macuil Xochitl	Centzon Totochtin, Tomiyauhtecuhtli, Techalotl, Yauhtecatl, Tlaltecayoa, Ixquitecatl, Papaztec, Ixtlilton, Ome Tochtli, Macuil Tochtli, Tezcatzoncatl, Tepoztecatl	Tlazolteotl, Cochimetl, Coatlicue	fertility, nature, pulque, medicine, excess, alcohol, science, food, love		
metztli	Metztli	Lowly god of darkness and worms who failed to sacrifice himslef to become the sun and, instead, became the moon.	secondary		tezcatlipoca, huitzilopochtli	yes	Meztli		Coyolxauhqui			Yohualtecuhtli, Coyolxauhqui, Tecciztecatl, Tezcatlipoca	earth, celestial, sacrifice, sun, moon, dark		
mictlancihuatl	Mictlancihuatl	Mistress to Mictlantecuhtli and ruler of the deepest level of Mictlan. She was sacrified as a baby and magically grew to addulthood in the underworld.	secondary		ometeotl, mictlantecuhtli, tlaltecuhtli	yes	Mictecacihuatl, Mictecacioatl		Omecihuatl	Mictlantecuhtli	Cipactli, Miquiztlitecuhtli	Micapetlacalli, Omecihuatl, Chalmecacihuatl 	death, underworld		
mictlantecuhtli	Mictlantecuhtli	God of death and lord of Mictlan, the main Aztec underworld. Living in complete darkness, he guard the bones of dead people but also babies before their birth.	elemental	mictlantecuhtli	ometeotl, tezcatlipoca, xiuhtecuhtli, tlaltecuhtli, quetzalcoatl, huitzilopochtli, quetzalcoatl, tlaloc	yes	Mictlantecuhtzi Tzontemoc, Mictlantli, Mictlantecahtli, Cuezallin, Ah Puch (mayan), Hunhau (mayan), Mictecacíhuatl, Mictlān Teuctli, Cuezal, Tocuilehua, Tlalchi Tonatiuh		Xiuhtecuhtli	Mictlancihuatl	Cipactli, Yohualtecuhtli, Nextepeua, Chalchiuhtecolotl, Acolnahuacatl, Piquete Zina, Itzcuintli, Xolotl, Huehuecoyotl, Tzontemoc, Chalmecacihuatl, Micapetlacalli	Tzontemoc, Techlotl, Miquiztlitecuhtli, Nextepeua, Chalchiuhtecolotl, Acolnahuacatl, Tonatiuh, Tlalchi Tonatiuh, Quetzalcoatl, Tlahuizcalpantecuhtli, Tepeyollotl, Itztlacoliuhqui, Itzcuintli, Chalchiutotolin, Xiuhtecuhtli, Tezcatlipoca, Ometecuhtli	death, celestial, underworld, primordial, dark		 Ah Puch (mayan)
miquiztlitecuhtli	Miquiztlitecuhtli	God of violent death, such as suicide, accident, disease or homicide.	secondary		mictlantecuhtli	yes		Mictlancihuatl				Mictlantecuhtli	death, disease, sacrifice		
mixcoatl	Mixcoatl	Chichimec and Otomi god of hunting, war, fire, sky and the Milky Way. Depending on the sources, he can be the father of Huitzilopochtli and Quetzalcoatl or a new form of Tezcatlipoca.	human	mixcoatl	tezcatlipoca, huitzilopochtli, quetzalcoatl, xipe totec, yacatecuhtli, tlaltecuhtli, ometeotl, xochiquetzal	yes	Iztacmixcoatl, Icnopilli, Tlatlauhqui Tezcatl-Ihpoca, Opocheh, Ce Tecpatl Mixcoatl	Tonacatecuhtli, Tezcatlipoca, Xipe Totec, Quetzalcoatl, Itzpapalotl, Coatlicue, Ilancueye, Tlaltecuhtli		Coatlicue, Chimalma, Itzpapalotl, Xochiquetzal	Quetzalcoatl, Tezcatlipoca, Coyolxauhqui, Huitzilopochtli, Centzon Huitznahua, Malinalxochi, Ce Acati, Opochtli, Amimitl	Yohualtecuhtli, Itzaccihuatl, Amimitl, Atlaua, Camaxtli, Tlahuizcalpantecuhtli, Opochtli, Huitzilopochtli, Tezcatlipoca, Xipe Totec, Yacatecuhtli	hunting, war, celestial		Nahua, Chichimecs, Otomis, tolteque
nanahuatzin 	Nanahuatzin 	Lowly goddess who sacrified herself, by jumping into a fire, to become the sun god Tonatiuh. She represented self-sacrifice and courage.	secondary		quetzalcoatl, huitzilopochtli, mayahuel, xipe totec	yes	Nana, Nanautzin, Nanauatzin, Nanahuatl,  Nanatzin 	Quetzalcoatl	Tecciztecatl, Xolotl, Ahuiateteo			Tonatiuh, Xolotl, Xipe Totec	sun, sacrifice, courage		
nappatecuhtli	Nappatecuhtli	One of the Tlaloques (water gods), who invented the art of making mats, seats and cane screens with reed, sedge and canes.	secondary		tlaloc, tezcatlipoca, mixcoatl, huitzilopochtli	yes	Tlanempopoloa, Napatecutli, Teaaltiani, Nappatecutli		Tlaloque, Tomiyauhtecuhtli, Opochtli, Huixtocihuatl			Tezcatlipoca, Tlaloc	craft, travel, trade, art, rain		
ome_tochtli	Ome Tochtli	God of pulque and drunkeness, depicted as a rabbit. He's the leader of the Centzon Totochtin	secondary		mayahuel, tezcatlipoca	yes	Ometotchtli, Ometochtli, Ome-Tochtli	Patecatl, Mayahuel, Tezcatlipoca 	Tomiyauhtecuhtli, Techalotl, Yauhtecatl, Tlaltecayoa, Ixquitecatl, Papaztec, Ixtlilton, Macuil Tochtli, Tezcatzoncatl, Tepoztecatl		Centzon Totochtin	Tepoztecatl	fertility, nature, excess, pleasure, pulque, alcohol		
omecihuatl	Omecihuatl	Female representation of the creator god Ometeotl. God of the near and the distant, of substance and duality, she was mainly revered by the high classes, especially in poetry.	secondary		xipe totec, huitzilopochtli, quetzalcoatl, tezcatlipoca, tlaloc, ometeotl, tlaltecuhtli, mictlantecuhtli	yes	Mihuatl,  Ilhuicacihuatl, Ometeotl,  Acalhuah		Ometecuhtli	Ometecuhtli	Malinalxochi, Centzon Huitznahua, Coyolxauhqui, Tzitzimitl, Tlaloc, Xipe Totec, Tezcatlipoca, Quetzalcoatl, Huitzilopochtli, Cipactonal, Oxomoco, Chalchiuhtlicue	Mictlancihuatl, Cipactonal, Tonacacihuatl, Citlalicue, Coatlicue, Ayopechcatl	primordial, creation, duality, food, fertility		
ometecuhtli	Ometecuhtli	Male representation of the creator god Ometeotl. God of the near and the distant, of substance and duality, he was mainly revered by the high classes, especially poetry.	secondary		xipe totec, huitzilopochtli, quetzalcoatl, tezcatlipoca, tlaloc, ometeotl, xiuhtecuhtli, mictlantecuhtli,	yes	Ometeotl, Omeyotl, Ometeoltloque, Yohualli. Ometeoltloque, Ometecutli, Tloque Nahuaque, Citlatonac, Ometecuhtl, Ome Tochtli, Acalhuah, Ilhuicacihuatl, Ilhuicahuah, Ilhuicateotl		Omecihuatl	Omecihuatl	Malinalxochi, Centzon Huitznahua, Coyolxauhqui, Tzitzimitl, Tlaloc, Xipe Totec, Tezcatlipoca, Quetzalcoatl, Huitzilopochtli, Cipactonal, Oxomoco, Chalchiuhtlicue	Xiuhtecuhtli, Tonacatecuhtli, Tloque Nahuaque, Huehueteotl, Mictlantecuhtli, Citlalatonac, Oxomoco	primordial, celestial, duality, food, fertility		
ometeotl	Ometeotl	Androgynous entity, responsible for the creation of the world, on the back of Cipactli, and the gods, but not mankind.	primordial	ometeotl	xipe totec, huitzilopochtli, quetzalcoatl, tezcatlipoca, tlaloc, xiuhtecuhtli, mictlantecuhtli, tlaltecuhtli	yes	Ometecuhtli, Omecihuatl, Ipalnemohuani, Moyocan, Omeyotl		Ometecuhtli, Omecihuatl		Malinalxochi, Centzon Huitznahua, Coyolxauhqui, Tzitzimitl, Tlaloc, Xipe Totec, Tezcatlipoca, Quetzalcoatl, Huitzilopochtli, Cipactonal, Oxomoco, Chalchiuhtlicue	Xiuhtecuhtli, Tonacatecuhtli, Tloque Nahuaque, Huehueteotl, Mictlantecuhtli, Citlalatonac, Oxomoco, Mictlancihuatl, Cipactonal, Tonacacihuatl, Citlalicue, Coatlicue, Ayopechcatl	primordial, duality, food, fertility		
opochtli	Opochtli	One of the Tlaloques (water gods), inventor of the, fishnet, fishing rod, harpoon, oar to row and snare to kill birds.	secondary		tlaloc, mixcoatl, huitzilopochtli	yes		Mixcoatl, Huitzilopochtli	Tlaloque, Nappatecuhtli, Tomiyauhtecuhtli, Huixtocihuatl			Mixcoatl, Huitzilopochtli	hunting, war, water, sacrifice		
oxomoco	Oxomoco	First woman of the fifth sun created by Quetzalcoatl. Inventor of magic, she represents also the nightime and earth.	secondary		ometeotl,  xipe totec, tezcatlipoca, quetzalcoatl, huitzilopochtli, tlaltecuhtli	yes	Icozauqui, Cipactli (for Cipactonal), Oxomo (for Oxomoco)	Ometeotl,  Xipe Totec, Tezcatlipoca, Quetzalcoatl, Huitzilopochtli		Cipactonal	Piltzintecuhtli	Itzpapalotl	celestial, primordial, fertility, night, dark, astrology, science, sky		tolteque
painal	Painal	Swift messenger of Huitzilopochtli, who call men to god to war. Captured prisoners were regularly offered to him.	secondary		huitzilopochtli	yes	Paynal, Painalton, Paynalton, payinal, payinalton, payinaltzin	Huitzilopochtli				Huitzilopochtli	war, travel, sacrifice		
patecatl	Patecatl	God of medecine and fertility who discovered, with his wife Mayahul, pulque. and especially its narcotic effect.	secondary		mayahuel	yes	Pantecatl, Pahtecatl	Centeotl	Centzon Totochtin	Mayahuel	Centzon Totochtin, Tomiyauhtecuhtli, Techalotl, Yauhtecatl, Tlaltecayoa, Ixquitecatl, Papaztec, Ixtlilton, Ome Tochtli, Macuil Tochtli, Tezcatzoncatl, Tepoztecatl		pulque, healing, medecine, alcohol, fertility		
piltzintecuhtli	Piltzintecuhtli	God of youth, symbolized by Mercury, and father of Centeotl. He was a manifestation of Tonatiuh or Xochipilli.	secondary		huitzilopochtli, mayahuel, xochiquetzal	yes	Piltzintecuhtli	Oxomoco, Cipactonal, Xochiquetzal	Ahuiateteo	Xochiquetzal	Centeotl	Tonatiuh, Xochipilli 	celestial, youth, healing, sun, summer, night, drug, excess		
piquete_zina 	Piquete Zina 	Zapotec bat god who represented maize and fertility.	secondary		mictlantecuhtli, tlaloc	yes	Camazotz, Tlacatzinacantli, Kamasotz					Tlaloc	animal, night, dark,  bat, fertility		Zapoteque, mayan
popocatepetl	Popocatepetl	Sacred volcano whose cult worshiped the earth, rain, water, and vegetation. Once a man, he was called away to war but his lover, Iztaccihuatl, died of grief. They ended up transformed into mourning mountains by the Gods.	secondary		tlaloc, mayahuel	yes			Mayahuel, Patecatl	Itzaccihuatl			earth, water, fertility, nature, sacrifice, rain, mountain		
quetzalcoatl 	Quetzalcoatl 	One of the main divinity worshipped in Mesoamerica. He's  the god of agriculture, arts, love science and wind. Exiled by his brother Tezcatlipoca, his expected return has been seen, at first, as the arrival of Hernan Cortez in 1519.	creation	quetzalcoatl	xipe totec, huitzilopochtli, tezcatlipoca, tlaloc, mictlantecuhtli, ometeotl, tlaltecuhtli, mayahuel, xochiquetzal	yes	Tlilpotonqui, Matl, Tlahuizcalpantecuhtli, Tlamacazqui, Topiltzin, Iztauhqui-Tezcatlipoca	Camaxtli, Chimalma, Mictlantecuhtli, Xochiquetzal, Ometecuhtli, Omecihuatl, Tonacatecuhtli, Tonacacihuatl, Coatlicue	Tzontemoc, Ehecatl, Huitzilopochtli, Tlaloc, Tonatiuh, Xolotl, Tezcatlipoca, Xipe Totec, Coyotlinaual, Azcatl	Tlazolteotl, Mayahuel, Huitzilopochtli	Xochiquetzal, Piltzintecuhtli, Chalchiutotolin, Tonatiuh, Cipactonal, Oxomoco, Huixtocihuatl, Centeotl, Nanahuatzin, Tlaltecuhtli, Cipactli	Tlaloc, Yohualtecuhtli, Chiconahui Ehecatl, Ce Acati, Yacatecuhtli, Tlahuizcalpantecuhtli, Nanahuatzin, Atlaua, Xolotl, Xochipilli, Centeotl, Ehecatl, Tezcatlipoca	primordial, fertility, magic, science, religion, trade, wind, time, healing, art, pleasure, east		Mayan (Kukulkan), Quiche (Gukumatz), Cholula
quilaztli	Quilaztli	Aspect of Coatlicue, associated with pregnancy, child birth and comestible plants.	secondary		tlaltecuhtli, xiuhtecuhtli	yes	Cihuacoatl, Quauhciuatl, Yoaciuatl, Tzitziminciuatl					Coatlicue, Chantico	fertility, birth		
tecciztecatl	Tecciztecatl	Other name for Metztli. As the god of snails and worms, he failed to sacrifice himself to become the sun and was trasnformed into the moon. Symbol of cowardice.	secondary		tezcatlipoca, tlaloc, huitzilopochtli	yes	Teucciztecatl, Tecuhciztecatl, Tecuciztecal 	Tlaloc, Chalchiuhtlicue 	Nanahuatzin, Coyolxauhqui			Metztli, Coyolxauhqui, Tezcatlipoca	celestial, moon, coward, earth		Xaltocan
techlotl 	Techlotl 	God of one of the levels of Mictlan (underworld) symbolized by an owl.	secondary		mictlantecuhtli	yes			Chalchiuhtecolotl			Mictlantecuhtli 	death, animal, underworld, night		mayan
tepeyollotl	Tepeyollotl	God of the heart of the mountain. Associated with jaguars, echoes, and earthquakes, he's an aspect of Tezcatlipoca.	secondary		mictlantecuhtli, tezcatlipoca, tlaltecuhtli	yes	Tepeyollohtli					Tezcatlipoca, Mictlantecuhtli, Tlaltecuhtli	death, animal, nature, mountain, earth, sun		
tepoztecatl	Tepoztecatl	One of the 400 Centzon Totochtin, the aztec gods of pulque. He was, at first, a local fertility deity from the town of Tepoztlan.	secondary		mayahuel, tlaloc	yes	Tezcatzontecatl, Ehecacone, Tezctzoncatl, Acan, Tezcatonatl	Mayahuel, Patecatl	Ome Tochtli, Tezcatzoncatl, Ixtlilton, Macuil Tochtli, Papaztec, Yauhtecatl, Ixquitecatl, Tlaltecayoa, Techalotl, Tomiyauhtecuhtli	Mayahuel	Centzon Totochtin	Ome Tochtli, Tlaloc	pulque, animal, alcohol, excess, food, fertility		Acan (maya), Tenoch (plumiers et vendeurs de vin)
teteo_innan 	Teteo Innan 	Major group of female fertility deities, which combines terror and beauty, life and destruction. Seen as the mother of gods, they are associated with war and birth.	secondary		xiuhtecuhtli, huitzilopochtli, tlaltecuhtli	yes	Tetevinan, Teteo Innan, Teteoh Innan, Toci, Tonantzin, Citlalcueyeh, Nantli,  Tlalli iyolloh, Tocih, Temazcaltecih, Tlalli, Tocitzin, Tocicuahuill, Temazcalteci, Tlalli Iyollo, Teteo-Innan-Toci, Chicomexochitl, Chalchiuhcihuatl, Teteoinnan 			Huehuecoyotl, Xiuhtecuhtli 	Huitzilopochtli	Coatlicue, Tlazolteotl, Tlaltecuhtli	earth, fertility, primordial, nature, war, violence, birth		
tezcatlipoca	Tezcatlipoca	Omnipotent god of rulers, sorcerers or warriors, he rules night, death, discord, conflict, temptation, change and destruction. Symbolised by the jaguar, he's a rival of Quetzalcoatl and one of the most complex aztec god.	creation	tezcatlipoca	yacatecuhtli, xipe totec, quetzalcoatl, huitzilopochtli, tlaloc, ometeotl, tlaltecuhtli, mixcoatl, xochiquetzal, mayahuel, mictlantecuhtli	yes	Omacatl, Titlacauan/titlacahuan, Tezcatlanextia, Yaotl, Necoc Yaotl, Moyocoya, Necaualpilli, Miquizyaotl, Techimaltini, Teoxonecuilli, Tlacanexquimilli, Tlacatecolotl, Tliltecuhtli, Yayauhqui-Tezcatlipoca, Yoaltecuhtli, Yoalehecatl, Tlamatzincatl, Telpochtli, Moyocoyatzin, Monenegui, Teyocoyani, Teimatini, Yaotzin, Yaotl necoc, Moquequeloa, Nezaualpilli, Tlamatzincatl, Yoalli ehecatl, Chicoyaotl, Moquehqueloa, Moyocoya, Necocyaotzin, Nezahualpilli , Teonexquimilli, Teotlale, Tlanempopolo	Ometecuhtli, Omecihuatl, Ometeotl, Coatlicue, Tonacatecuhtli, Tonacacihuatl, Mixcoatl, Chimalma, Chicomecoatl 	Xipe Totec, Quetzalcoatl, Huitzilopochtli, Tlaloc, Tloque Nahuaque, Chalchiuhtlicue 	Chicomecoatl, Huixtocihuatl, Xilonen, Xochiquetzal	Chalchiuhtecolotl, Itztli, Cihuateteo, Chalchiutotolin,  Ome Tochtli, Tlaltecuhtli, Cipactli	Tlaloc, Huitzilopochtli, Quetzalcoatl, Yohual Tonatiuh, Piltzintecuhtli, Yohualtecuhtli, Yayauhqui Tezcatlipoca, Yaotl, Mixcoatl, Tlatlauhqui Tezcatlipoca, Tezcatzoncatl, Omacatl, Ixquitecatl, Chiconahui Ehecatl, Chalchiuhtecolotl, Tlalchi Tonatiuh, Titlacahuan, Tepeyollotl, Tecciztecatl, Nappatecuhtli, Metztli, Ixquimilli, Itztlacoliuhqui, Huehuecoyotl, Ehecatl, Chalchiutotolin, Acxomocuil, Xipe Totec, Tloque Nahuaque, Mictlantecuhtli	primordial, magic, night, death, war, destruction, chaos, north, celestial, evil, destruction, royalty, travel, sacrifice, moon, religion		Toltec,  mayan (Yoaltecuhtli)
titlacahuan	Titlacahuan	Omnipotent god of destiny with malevolent power. One of the many aspects of Tezcatlipoca.	secondary		tezcatlipoca, yacatecuhtli	yes	Titlacauan					Tezcatlipoca	fate, evil		
tlacotzontli	Tlacotzontli	God of roads and protector for merchants depicted with a huge coat. To please him, they would cut themselves among roads and give him paper banners cover in blood. 	secondary		yacatecuhtli, quetzalcoatl	yes	Tlacotontli, Cacatzontli		Zacazontli			Yacatecuhtli	travel, trade, sacrifice		
tlahuizcalpantecuhtli	Tlahuizcalpantecuhtli	Destructive god of the Morning Star, dawn and east. An aspect of Quetzalcoatl which lives in Mictlan. By way of anecdote, he has the longest name in aztec pantheon.	secondary		huitzilopochtli, mixcoatl, quetzalcoatl, tezcatlipoca, mictlantecuhtli	yes	Tlahuizcalpantecutli, Tlahuiazecalpatcuatli, Tlahuizcalpan				Itztlacoliuhqui 	Quetzalcoatl, Mictlantecuhtli	sun, death, celestial, destruction, east, science, time, fertility, rebirth, sun		
tlalchi_tonatiuh	Tlalchi Tonatiuh	Chtonic underworld god. One of the aspect of Tonatiuh, when he makes it's daily journey from night to day.	secondary		huitzilopochtli, mictlantecuhtli, tezcatlipoca	yes	Tlachitonatiuh	Tonatiuh				Tonatiuh, Tezcatlipoca	sun, underworld		
tlaloc	Tlaloc	Main aztec god, with Huitzilopochtli, who controls rain, hurricanes, fertility and lightning. He's also associated with springs, mountains and caves. Babies were drown to give him power. 	elemental	tlaloc	ometeotl, tezcatlipoca, quetzalcoatl, xochiquetzal, mayahuel, mixcoatl, huitzilopochtli	yes	Nuhualpilli, Oztoteot, Nonoalco, Nonohualco, Tlaloccantecutli, Tlaloctlamacazqui, Tlaloc Tlamacazqui, Epcoa, Epcoatl, Tlalocan Teuctli	Ometecuhtli, Omecihuatl, Ometeotl	Tezcatlipoca, Chalchiuhtlatonac, Ehecatl	Xochiquetzal, Chicomecoatl, Chalchiuhtlicue, Huixtocihuatl, Matlalcueitl, Chalchiuhtlatonac	Tecciztecatl, Ahuitzotl, Tlaloque, Nappatecuhtli, Opochtli, Tomiyauhtecuhtli, Huixtocihuatl, Yauhqueme, Huixtocihuatl	Tecciztecatl, Popocatepetl, Yauhqueme, Tomiyauhtecuhtli, Nappatecuhtli, Xochipilli, Tzapatlan Tenen, Tlaloque, Tepoztecatl, Atlaua, Tlaltecuhtli, Quetzalcoatl, Centeotl	nature, fertility, sacrifice, water, rain, disease, lightning, storm, sea		
tlaloque	Tlaloque	Minor water-rain gods and servants of Tlaloc, which brought different kind of rain. They are also associated with mountains.	secondary		tlaloc	yes	Tlaloc, Tepictoton, Ahuahqueh, Tepicmeh	Tlaloc				Tlaloc	death, rain, sacrifice, nature, monster, mountain, earth, water		
Tlaltecuhtli	Tlaltecuhtli	Sea monster creature, considered as the source of all living things. She's has to be kept benevolent by blood sacrifices, as she swallows the sun each night.	elemental	Tlaltecuhtli	quetzalcoatl, tezcatlipoca, huitzilopochtli, tlaloc, ometeotl	yes	Tlatecuhtli, Tlalteuctli, Tlalcihuatl	Quetzalcoatl, Tezcatlipoca	Coatlicue, Tlazolteotl			Tlaloc, Cipactli, Tonatiuh, Omecihuatl	earth, birth, children, monster, sacrifice, night, primordial, celestial, sun, life, animal		Tolteque
tlazolteotl	Tlazolteotl	Goddess of purification from filth, disease or excess, of sin, love, sex, regret and lamentation. She can turn into four aspects, a young moon, cruel and delightful, a sensual young woman, a priestess who bless married couples and a monster who destroy lovers and steal fortune.	secondary		quetzalcoatl, tlaltecuhtli, mayahuel, xochiquetzal, huitzilopochtli	yes	Tlaelquani, Tlazolteotli, Ixcuina, Tlacolteutl, Teicu, Tiacapan, Tlaco, Tlahco, Tlazolcuani, Tlaculteotl, Xocotzin, Xucotzin, Caxxoch, Tlahui, Tlanzolteot, Ceolitzin, Ixcuinan, Tlahelcuani, Tlazolteocihuatl, Ixcuina, Ixcuiname	Itzpapalotl	Tzitzimime, Tlaltecuhtli, Cihuateteo, Chimalma, Mayahuel, Coatlicue	Quetzalcoatl, Xolotl	Centeotl, Xochiquetzal, Ixcuina, Huixtocihuatl	Coyolxauhqui, Teteo Innan	fertility, pleasure, magic, purity, filth, excess, disease, sex, woman, monster, moon		huaxteque
tloque_nahuaque	Tloque Nahuaque	Unifying god whose cult rose under the aztec emperor Nezahualcoyotl. Can be seen as another form of Ometeotl.	secondary		ometeotl, tezcatlipoca	yes	Tloqueh-Nahuaqueh, Tlaque-Nahuaque, Tloque, Tlaoque-Nahuaque, Teotloquehnahuaqueh, Tloquenahuaque, Ipalnemoa, Ipalnemoani	Tezcatlipoca				Tezcatlipoca, Ometeotl, Ometecuhtli, Omecihuatl			Texcoco
tomiyauhtecuhtli	Tomiyauhtecuhtli	Minor rain and fertility god associated with a mountain, probably close to Lake Chalco and Xochimilco. 	secondary		tlaloc, mayahuel	yes	Tomiyauhteuctli, Tomiyauh, Tomiyauhtecuhtli	Patecatl, Mayahuel	Techalotl, Yauhtecatl, Tlaltecayoa, Ixquitecatl, Papaztec, Ixtlilton, Ome Tochtli, Macuil Tochtli, Tezcatzoncatl, Tepoztecatl, Tlaloque			Tlaloc, Ome Tochtli	rain, fertility		Chinampaneca
tonacacihuatl 	Tonacacihuatl 	Creator goddess which seems to be a terrestrial representation of Omecihuatl. 	secondary		ometeotl, xochiquetzal	yes				Tonacatecuhtli		Omecihuatl, Xochiquetzal, Tloque Nahuaque	primordial, celestial, creation		
tonacatecuhtli	Tonacatecuhtli	Possibly a aspect of Ometecuhtli, associated with agriculture and fate. Depicted as a wrinkled man, he was the god of sustenance.	secondary		ometeotl, xiuhtecuhtli	yes	Tonacateuctli	Chantico		Tonacacihuatl 		Ometecuhtli, Cipactonal, Oxomoco, Tloque Nahuaque	fertility, nature, primordial, celestial, fate		Chichimec
tonatiuh	Tonatiuh	Sun god, protector of the warriors and symbolized by the eagle, he presides the fifth (and actual) world age. The gods sacrificed themselves to create him and men has to give him enough energy, through blood, to battle against darkness.	secondary		huitzilopochtli, quetzalcoatl, xiuhtecuhtli, tlaltecuhtli, mixcoatl, mayahuel, tezcatlipoca, xochiquetzal, mictlantecuhtli	yes		Nanahuatzin, Tecciztecatl, Xolotl, Quetzalcoatl, Ehecatl	Huitzilopochtli, Tlaltecuhtli, Tlahuizcalpantecuhtli, Itztlacoliuhqui	Tlaltecuhtli, Opochtli	Centeotl, Huitzilopochtli, Itztlacoliuhqui	Xiuhtecuhtli, Yohual Tonatiuh, Ixcozauhqui, Tzontemoc, Xochipilli, Nanahuatzin, Piltzintecuhtli, Centeotl, Quetzalcoatl, Tlaltecuhtli, Tlalchi Tonatiuh, Mictlantecuhtli, Huitzilopochtli	sun, war, east, underworld, celestial		Chichimec, Teotihuacan, Mexico, Guatemala, Tenochtitlan
tzapatlantenen	Tzapatlan Tenen	Goddess of nature, especially resin and turpentine which is used for healing ointments.	secondary		tlaloc, mayahuel	yes	Tzapotla Tena, Tzapotlatena, Zapotlantenan, Zapotlan Tenan						healing, medicine		Tzalopan
tzitzimitl	Tzitzimitl	Aged goddess of inertia and alcohol which ruled the Tzitzimime, who lived in the night sky.	secondary		mayahuel, tlaltecuhtli	yes	Tetzauhcihuatl,  Tezauhcihuame	Itzpapalotl 	Cihuateteo, Coatlicue, Citlalicue, Tzitzimitl		Tzitzimime		earth, night, fertility, primordial, alcohol		
uappatzin	Uappatzin	Patron deity of tlachtli, an aztec game where the ball represented the sun. Servant of Huitzilopochtli, is also associated with warfare.	secondary		huitzilopochtli	yes	Huappatzin	Huitzilopochtli 	Painal			Huitzilopochtli	pleasure, war, game		
xilonen	Xilonen	Local vegetation goddess, associated with corn. She's an aspect of the maize goddess Chicomecoatl, personifying the weet and young maize plant.	secondary		mayahuel, tlaloc, tezcatlipoca, xochiquetzal	yes	Xilonemin, Chicomecoatl, Chalchiuhcihuatl		Xochiquetzal, Huixtocihuatl	Tezcatlipoca 		Chicomecoatl, Chalchiuhtlicue, Centeotl	fertility, maize		
xipe_totec	Xipe Totec	Fierce god of agriculture, fertility, seasons and renewal, he was also a protector of gold workers, jewelers and warriors. He flayed himself to give humanity food, and was shown as wearing a flayed human skin	creation	xipe totec	mixcoatl, quetzalcoatl, huitzilopochtli, tezcatlipoca, ometeotl, mayahuel, tlaltecuhtli	yes	Tlatlauhqui Tezcatlipoca, Yopi,  Xipe-Totec-Tllatlauhquitezcatl, Tlatlauhqui Texcatl, Yohuallahuantzin, Oxipe, Teteucxipe, Tlacaxipehualiztli, Yohuallahuan, Yopih, Itzpapalotltotec, Tlatlauhqui-Tezcatlipoca, Tlatlauhcatezcatlipoca	Ometeotl, Ometecuhtli, Omecihuatl	Quetzalcoatl, Huitzilopochtli, Tezcatlipoca, Mixcoatl, Coyolxauhqui, Itzpapalotl	Chimalma		Tezcatlipoca, Mixcoatl, Camaxtli, Tlatlauhqui Tezcatlipoca, Centeotl, Chiconahui Ehecatl, Itztapaltotec	primordial, fertility, craft, rebirth, trade, war, east, sacrifice, west, youth, male, love		yopihmeh, Guerrero, Oaxaca
xiuhcoatl	Xiuhcoatl	Snake's embodiment of the sun's rays an emblem of the god Xiuhtecuhtli. Huitzilopochtli used hit to kill Coyolxauhqui and the Centzon Huitznahua.	secondary		xiuhtecuhtli, huitzilopochtli	yes		Huitzilopochtli, Xiuhtecuhtli				Xiuhtecuhtli	sun, fire		
xiuhtecuhtli	Xiuhtecuhtli	God of fire and time, protector of kings, warriors and pochtecas. One of the oldest cult in aztec mythology. He's also deeply conected with birth.	elemental	xiuhtecuhtli	yacatecuhtli, ometeotl, tlaltecuhtli, mictlantecuhtli, mixcoatl, tlaloc, tezcatlipoca, huitzilopochtli, xochiquetzal	yes	Xiuhteuctli, Tlalxictentica, Milintoc, Xiuhtototl, Ybebeyoban, Nauhyoteuctli, Nauhyoueye, Huehueteotl, Otonteuctli, Xocotl, Nauhyohuehue, Tlalxictenticah, Xippilli, Xippil, Cuecaltzin, Huehuetiliztli, Viveteutl, Nauhyoteuctli	Ometeotl, Ometecuhtli, Omecihuatl	Mictlantecuhtli, Xochipilli, Tlahuizcalpantecuhtli, Mixcoatl, Itzpapalotl, Coyolxauhqui	Chantico, Chiconahui Itzcuintli, Acuecucyoticihuati, Xochiquetzal, Teteo Innan, Chalchiuhtlicue		Yohualtecuhtli, Ixcozauhqui, Inta, Ilhuicamina, Coyotlinaual, Ahkinshok, Xiuhcoatl, Ixtlilton, Tezcatlipoca, Huitzilopochtli, Otontecuhtli, Huehuecoyotl, Yacatecuhtli, Ometecuhtli, Tonatiuh, Huehueteotl	primordial, fire, earth, time, sacrifice, war, trade		Otomis
xochipilli 	Xochipilli 	Young god of feasting, painting, dancing, games, and writing. He represents the masculine aspect of eroticism, with its pleasures, dangers and responsabilities.	secondary		mayahuel, tlaloc, xochiquetzal, xiuhtecuhtli, tezcatlipoca, quetzalcoatl, huitzilopochtli	yes	Xochipili, Chicomexochitl, Macuil Xochitl, Piltzintecuhtli-Tonatiuh, Papaloxahual-Xochipilli, Xochipilli-Centeotl, Xochiquetzal		Xochiquetzal	Mayahuel, Xochiquetzal	Macuil Xochitl, Macuil Tochtli, Macuil Malinalli, Macuil Cuetzpalin, Macuil Cozcacuahtli 	Xochiquetzal, Tlaloc, Centeotl, Xiuhtecuhtli, Macuil Xochitl, Tonatiuh, Tezcatlipoca, Quetzalcoatl	art, fertility, pleasure, excess, dance, game, education, love, summer, rain, lust		Xochimilco
xochiquetzal	Xochiquetzal	Goddess of female sexuality, prostitutes, homosexuals, young mothers, flowers, pleasure and craft (embroiders, weavers, silversmiths and sculptors)	human	xochiquetzal	mixcoatl, tlaloc, mayahuel, tlaltecuhtli, quetzalcoatl, huitzilopochtli, tezcatlipoca, xiuhtecuhtli	yes	Xochiquetzalli	Xolotl, Tlazolteotl, Quetzalcoatl, Huitzilopochtli	Xochipilli, Huixtocihuatl, Macuil Xochitl	Tlaloc, Tezcatlipoca, Centeotl, Xiuhtecuhtli, Mixcoatl, Piltzintecuhtli, Quetzalcoatl, Xochipilli	Macuil Xochitl, Macuil Tochtli, Macuil Malinalli, Macuil Cuetzpalin, Macuil Cozcacuahtli 	Xochipilli	pleasure, craft, nature, arts, excess, love, sex, craft, trade, fertility, house, birth, game		
xolotl	Xolotl	Canine companion and/or twin brother of Quetzalcoatl. God of twins, fire, sickness, deformity and bad luck, he accompanied the dead to Mictlan and nourrished the first men of the fifth sun.	secondary		quetzalcoatl, mictlantecuhtli, tlaltecuhtli, xochiquetzal	yes	Xolotol	Coatlicue	Tlahuizcalpantecuhtli, Quetzalcoatl	Xochiquetzal, Cuaxolotl		Quetzalcoatl, Cuaxolotl 	animal, death, disease, lightning, underworld, game, north, celestial, rebirth, food, luck, fate, fire, magic		
yacatecuhtli	Yacatecuhtli	God of merchants and travelers, especially pochtecas. Depicted as a man with a long nose and a stick, je opens the way for Gods to travel to the mortal world and also clears a path for the imperial armies. 	human	yacatecuhtli	quetzalcoatl, xochiquetzal, mayahuel, tlaltecuhtli, huitzilopochtli, xiuhtecuhtli, tezcatlipoca, mixcoatl	yes	Yactecuhtli, Yiacatecutli, Yacacoliuhqui, Ollohqueh, Iyahcateuctli, Yacapitzahuac, Tacatecutli, Ek Chuah, Ekchuah	Xiuhtlati, Macuil Tochtli, Macuil Ocelotl, Coyotlinaual, Tepoztecatl, Nappatecuhtli, Xochiquetzal, Tzapatlan Tenen, Itztapaltotec, Centeotl, Otontecuhtli, Xiuhtlati, Xaman Ek, Tlacotzontli, Ixcozauhqui, Coyotlinaual, Cochimetl, Amimitl, Titlacahuan, Huixtocihuatl, Acxomocuil	Cochimetl, Yacapitzahuac, Xolotl, Chalmecacihuatl			Macuil Tochtli, Macuil Ocelotl, Coyotlinaual, Tepoztecatl, Nappatecuhtli, Xochiquetzal, Tzapatlan Tenen, Itztapaltotec, Centeotl, Otontecuhtli, Xiuhtlati, Xaman Ek, Tlacotzontli, Ixcozauhqui, Coyotlinaual, Cochimetl, Amimitl, Huehuecoyotl, Quetzalcoatl, Titlacahuan, Huixtocihuatl, Acxomocuil, Xiuhtecuhtli, Tezcatlipoca, Mixcoatl	travel, trade, war		nahua
youaltepuztli	Youaltepuztli	Nocturnal collecting-soul monster, depicted as a beheaded cadaver with an hole in his torso, opening and closing rapidly  with a terrific sound. The bravest could try pick his black heart and crush it to make him disappear.  	secondary		tezcatlipoca	yes						Tezcatlipoca	death, night, monster, soul		